挨	他在艰苦的环境里挨过了最艰难的三个月。	suffer; endure; drag out;
爱不释手	收到这份礼物，她爱不释手。	like something so much that one cannot bear to part with it
爱戴	这位老校长深受全校师生的爱戴。	love and esteem; respect and support
暧昧	他们俩的关系有些暧昧。	ambiguous; equivocal; dubious
癌症	早期发现的癌症治愈率更高。	cancer
案件	警察正在调查这起案件。	legal case
案例	老师举了一个典型的案例来说明问题。	case; example of
按摩	累了可以去按摩放松一下。	massage
安宁	小镇的夜晚十分安宁。	peaceful; tranquil; calm
暗示	他用眼神暗示我不要说话。	hint; imply
安详	老人安详地坐在院子里晒太阳。	composed; serene
安置	救灾物资被妥善安置在临时仓库里。	arrange for; find a place for
昂贵	这家餐厅的菜品价格比较昂贵。	expensive; costly
熬	妈妈在厨房里熬骨头汤。	boil; stew
奥秘	宇宙中还有很多奥秘等待我们探索。	profound mystery; secret
凹凸	这条老路路面凹凸不平。	concave-convex; bumpy; uneven
扒	小孩子喜欢扒着窗台看外面。	dig up; pull down; rake
疤	他的手上有一道烫伤的疤。	scar
拨	请拨打电话号码联系客服。	to pull up
巴不得	我巴不得早点放假回家。	be only too anxious; eagerly look forward to; earnestly wish
霸道	他这个人做事太霸道了。	strong; potent
罢工	工人们因为工资问题罢工了。	go on strike; down tools
把关	产品出厂前要严格把关质量。	guard a pass/checkpoint
巴结	他总喜欢巴结领导。	curry favour with; fawn on; flatter
拔苗助长	教育孩子不能拔苗助长。	pull up a seedling in the mistaken hope of helping it to grow
把手	门把手坏了，需要更换。	handle; holder; hand; knob
掰	他把玉米掰成了两半。	break off (with hands); sever
拜访	周末我要去拜访一位老朋友。	pay a visit; call to pay respects; call on
败坏	这种行为败坏了社会风气。	ruin; corrupt; debase
拜年	大年初一大家互相拜年。	pay a New Year call
摆脱	他终于摆脱了坏习惯。	dispense; cast off; extricate oneself from
拜托	这件事就拜托你了。	request somebody to do something; entrust
斑	她的脸上长了一些雀斑。	spot
版本	这本书最新版本增加了很多内容。	edition
颁布	国家颁布了新的法律法规。	promulgate; issue; proclaim
颁发	校长为获奖学生颁发了奖状。	issue; promulgate
伴侣	书是我最好的精神伴侣。	companion; mate; partner
伴随	伴随着音乐声，晚会开始了。	accompany; be in the wake of
半途而废	做事情不能半途而废。	give up halfway; leave something unfinished
扮演	他在这部戏里扮演男主角。	play the part of; have a role; act
磅	这个包裹重约十磅。	pound [weight]; scale
绑架	警方成功解救了被绑架的人质。	kidnap
榜样	雷锋是我们学习的好榜样。	example; model; pattern
包庇	包庇坏人是违法行为。	shield; harbour; cover up
报仇	他发誓要为父亲报仇。	revenge; avenge
报酬	这份工作的报酬很优厚。	reward; remuneration; pay
报答	我要好好报答父母的养育之恩。	repay; pay back
爆发	人群中爆发出热烈的掌声。	erupt; burst; blow up
包袱	他放下思想包袱，轻装上阵。	cloth wrappers
报复	不要因为小事就报复别人。	take vengeance on; retaliate
抱负	年轻人要有远大的抱负。	aspiration; ambition; lofty aim
保管	贵重物品请妥善保管。	take care of; safeguard
曝光	这件丑闻被媒体曝光了。	exposure
饱和	市场已经趋于饱和。	saturated
报警	遇到危险要及时报警。	to give a warning
饱经沧桑	老人一生饱经沧桑。	have lived through many changes
暴力	我们反对任何形式的暴力。	violence; force
暴露	这个问题暴露了管理上的漏洞。	expose; reveal; lay bare
保密	这份文件内容需要保密。	keep something secret
保姆	家里请了保姆照顾孩子。	nanny; nursemaid
保守	他的思想比较保守。	conservative
包围	敌人被我军团团包围。	surround
保卫	战士们保卫着祖国的边疆。	defend; guard; safeguard
报销	出差费用可以到财务处报销。	submit an expense account; apply for reimbursement; claim a refund
保养	汽车要定期保养。	take good care of one's health; keep fit; keep in good repair
爆炸	化工厂发生了爆炸事故。	explode; blow up; bomb
保障	法律保障公民的合法权益。	ensure; guarantee; safeguard
保重	天气冷了，你要多保重身体。	to take care of oneself
包装	这份礼物的包装很精美。	pack; wrap up; packaging
悲哀	听到噩耗，他感到万分悲哀。	grief; sorrow
卑鄙	用这种手段取胜太卑鄙了。	base; mean; contemptible
悲惨	他的身世很悲惨。	miserable
被动	在谈判中我们处于被动地位。	passive
备份	重要数据要记得备份。	back-up
被告	被告在法庭上接受审判。	defendant; the accused
北极	北极地区终年寒冷。	the North Pole
贝壳	海边有很多漂亮的贝壳。	conch; sea shell
背叛	他背叛了自己的朋友。	betray; forsake
背诵	小学生要背诵很多古诗。	recite; repeat from memory; say by heart
备忘录	我写了个备忘录提醒自己。	memorandum; aide-mémoire
奔波	他为了生计四处奔波。	rush about; be on the go
奔驰	骏马在草原上奔驰。	run quickly; speed; gallop
本能	求生是人的本能。	instinct; native ability
本钱	做生意需要足够的本钱。	capital [money]
本人	这件事需要本人亲自办理。	oneself; in the flesh
本身	这个计划本身没有问题。	in itself/oneself
本事	他真有本事，什么都会。	skill; ability; talent
笨拙	他的动作有些笨拙。	clumsy; stupid; slow-witted
甭	这点小事，你甭客气。	need not; do not have to
蹦	小孩子高兴得蹦了起来。	hop; skip; jump
迸发	他的话让大家迸发出笑声。	burst forth; burst out
崩溃	压力太大，他快要崩溃了。	breakdown; collapse; disintegrate
臂	他的左臂受了伤。	arm
弊病	这种制度存在很多弊病。	malady; evil; malpractice
弊端	我们要革除体制中的弊端。	malpractice; abuse
比方	打个比方，这就像盖房子打地基。	analogy; example; instance
逼迫	不要逼迫孩子做不喜欢的事。	force; compel; coerce
闭塞	这个山区交通很闭塞。	to close up; hard to get to; out-of-the-way
鄙视	大家都鄙视他的行为。	to despise
鼻涕	感冒了，他一直在流鼻涕。	snot; nasal mucus
比喻	这句话用了比喻的修辞手法。	metaphor or simile; analogy; allegory
比重	工业在经济中的比重越来越大。	proportion; specific weight
扁	豆子被压成了扁的。	flat
遍布	这家连锁店遍布全国各地。	be found everywhere; spread all over
鞭策	老师的话一直鞭策着我努力学习。	spur on; encourage
贬低	不要随意贬低别人的努力。	belittle; depreciate; disparage
变故	家里发生了变故，他不得不回去。	unforeseen event; accident; mishap
辩护	律师在法庭上为被告辩护。	speak in defense of; argue in favour of
边疆	战士们驻守在祖国的边疆。	borderland; frontier region
边界	两国在边界问题上达成了共识。	boundary; frontier; border
辩解	他为自己的行为辩解了一番。	provide an explanation; argue that; justify
边境	边境贸易越来越繁荣。	border; frontier
便利	地铁出行非常便利。	convenient; easy
变迁	这座城市经历了巨大的变迁。	transition; changes; vicissitudes
辨认	天色太暗，我辨认不出他是谁。	identify; recognise
便条	妈妈留了张便条就出门了。	note
贬义	这个词含有贬义。	derogatory sense; negative connotation
便于	把地址写清楚，便于联系。	easy to; convenient for
边缘	他站在悬崖的边缘往下看。	border; edge; fringe; margin
辩证	看问题要用辩证的眼光。	investigate; dialectical
编织	奶奶在院子里编织毛衣。	to weave
变质	夏天食物容易变质。	go bad; deteriorate
辫子	小女孩扎着两条长长的辫子。	plait; braid; pigtail
标本	实验室里有很多植物标本。	specimen; sample;  representative
标记	请在重要的地方做个标记。	tab; sign; stamp
表决	这个方案由大家投票表决。	decide by vote
表态	请大家对这件事表个态。	clarify one's position
标题	这篇文章的标题很吸引人。	title; heading
表彰	学校表彰了一批优秀学生。	commend; cite
憋	他心里憋着一肚子气。	 back; suppress; suffocate
别扭	他俩闹别扭了，谁也不理谁。	difficult to deal with; troublesome; hard to get along with
别墅	山脚下有一栋漂亮的别墅。	villa
别致	这个小礼物设计得很别致。	unconventional; interesting and novel; new and unusal
濒临	这家公司濒临破产。	be close to; be on the verge of; border on
丙	甲乙丙三人中，丙最年轻。	third; the third of the Ten Heavenly Stems
冰雹	夏天偶尔会下冰雹。	hail; hail stone
并非	事情并非你想的那样简单。	really not
并列	他们俩的成绩并列第一。	stand side by side; be juxtaposed; put something on a par with
博大精深	中国文化博大精深。	extensive and profound; have extensive knowledge and profound scholarship
搏斗	警察与歹徒展开了搏斗。	wrestle; fight; struggle
博览会	国际博览会吸引了很多参观者。	fair; exhibition; exposition
波浪	海面上波浪起伏。	wave
伯母	伯母做的饭菜很好吃。	aunt [wife of father's elder brother]
薄弱	他的数学基础比较薄弱。	weak; frail
波涛	波涛汹涌的大海很壮观。	great waves
剥削	资本家剥削工人的剩余价值。	exploit
播种	春天是播种的好季节。	to sow; to seed
补偿	公司会补偿你的损失。	compensate; make up for
不得已	我也是不得已才这么做的。	be forced to; have no alternative but to
步伐	他迈着坚定的步伐向前走。	step; pace
不妨	不妨一试。	there is no harm in; might as well
不敢当	您过奖了，我可不敢当。	I really don't deserve it; you flatter me
布告	墙上贴着一张布告。	notice; bulletin; proclamation
不顾	他不顾危险冲了进去。	disregard; in spite of
不禁	听到笑话，他不禁笑了起来。	cannot refrain from; involuntarily; spontaneously
补救	现在补救还来得及。	remedy; repair; retrieval
布局	这间房子的布局很合理。	layout; arrangement
不堪	他累得不堪重负。	cannot bear; cannot stand
不可思议	这件事太不可思议了。	unimaginable; inconceivable
不愧	他不愧是名师出高徒。	be worthy of; deserve to be called; prove oneself to be
不料	我以为他会来，不料他没来。	unexpectedly; to one's surprise
不免	第一次做这件事，不免有些紧张。	unavoidable; bound to; invariably inevitably
哺乳	哺乳动物用乳汁哺育后代。	breast-feed; suckle; nurse
不时	他不时地看看手表。	frequently; from time to time; now and then
部署	领导部署了下一步的工作。	arrange; map out; lay out
补贴	公司给员工发放住房补贴。	subsidy; allowance
部位	你哪个部位不舒服？	position; place; location
不惜	他不惜一切代价要完成任务。	not spare; not hestitate
不像话	你这样做太不像话了。	unreasonable; absurd
不相上下	他俩的水平不相上下。	be roughly the same; about equal
不屑一顾	他对这些流言蜚语不屑一顾。	not spare a glance for; beneath contempt
不言而喻	这个道理不言而喻。	it is self-evident; it goes without saying; it stands to reason that
不由得	看到这一幕，我不由得感动了。	cannot help; cannot but
不择手段	他为了成功不择手段。	by fair means or foul; by hook or by crook
不止	他不止一次来过这里。	more than; not limited to
布置	老师布置了今天的作业。	fix up; arrange; decorate
捕捉	摄影师捕捉到了精彩的瞬间。	catch; seize
裁缝	裁缝师傅手艺很好。	tailor; dressmaker
财富	健康是人生最大的财富。	wealth; fortune; riches
才干	他很有才干，年纪轻轻就当了经理。	ability; competence; capability
采购	公司派他去外地采购原材料。	procure; make purchases for an organization or enterprise
采集	科学家在野外采集植物样本。	gather; collect
采纳	公司采纳了他的建议。	accept; adopt
裁判	裁判判了他犯规。	judge; referee
彩票	他买了一张彩票碰碰运气。	lottery ticket; raffle ticket
财务	她在公司负责财务工作。	financial affairs
裁员	公司效益不好，开始裁员了。	reduce the number of staff
财政	国家财政收入稳步增长。	government finance; public economy
残疾	我们要关心残疾人士。	physical disability; deformity
残酷	战争是非常残酷的。	cruel; brutal; ruthless
灿烂	今天的阳光真灿烂。	magnificent; splendid; resplendent
残留	杯子里还残留着一些牛奶。	remain; be left over; residual
参谋	这件事你帮我参谋参谋。	staff officer; adviser
残忍	他残忍地伤害了小动物。	cruel; ruthless; merciless
参照	你可以参照这个模板来写。	refer to; consult
舱	飞机的客舱很宽敞。	cabin; module
苍白	他脸色苍白，看起来生病了。	pale; pallid; wan
仓促	时间仓促，准备得不够充分。	hastily; hurriedly
仓库	货物都存放在仓库里。	storehouse; warehouse
草案	这是新政策的草案。	draft; ground plan
操劳	母亲为全家操劳了一辈子。	work hard
操练	士兵们每天清晨都要操练。	drill; practice
草率	做决定不能太草率。	careless; perfunctory; rash
嘈杂	市场里人很多，十分嘈杂。	noisy; din
操纵	他能熟练操纵这台机器。	operate; control; steer
操作	请按说明书操作这台设备。	operate; manipulate; handle
策划	他们正在策划一场宣传活动。	plan; plot; scheme
测量	工人在测量房间的尺寸。	measure; survey; gauge
策略	我们需要调整营销策略。	tactics; policy; strategy
侧面	从侧面看，这座山像一头狮子。	side; flank; profile
层出不穷	新产品层出不穷。	come out in an unending flow
层次	这篇文章层次很清晰。	administrative levels; arrangement of ideas; gradation
岔	前面有个岔路口。	fork in road; branch off; turn off
查获	海关查获了一批走私货物。	hunt down and seize; track down
刹那	刹那间，天空亮了起来。	instant; split second
诧异	听到这个消息，他很诧异。	be surprised; be amazed; be astonished
插座	墙上的插座坏了。	socket
柴油	这辆卡车烧柴油。	diesel oil
搀	我搀着老人过马路。	support somebody with one's hand; to mix; adulterate
馋	这孩子嘴特别馋。	greedy; gluttonous; covetous
颤抖	他冻得浑身颤抖。	shake; tremble; quiver
缠绕	藤蔓缠绕在树干上。	twine; swathe
阐述	教授阐述了自己的观点。	expound; elaborate; set forth
产业	当地的旅游产业很发达。	industry
倡导	学校倡导学生多读书。	initiate; propose; advocate
场合	正式场合要穿正装。	occasion; situation
偿还	他每个月都要偿还贷款。	repay; pay back
敞开	把窗户敞开透透气。	open wide; unlimited; unrestricted
场面	婚礼的场面很盛大。	scene; spectacle; appearance
昌盛	祝愿祖国繁荣昌盛。	prosperous; flourishing
尝试	我想尝试一下新方法。	trial; attempt
场所	图书馆是学习的好场所。	place; site; lieu
畅通	今天道路很畅通。	unimpeded; unblocked
畅销	这本书非常畅销。	sell well; be in great demand; have a ready market
倡议	同学们倡议开展环保活动。	propose; sponsor
朝代	唐朝是中国最强盛的朝代之一。	dynasty
潮流	绿色环保是时代的潮流。	tide; tidal current; tidal wave
钞票	他把钞票放进钱包里。	bank note; paper money
嘲笑	不要嘲笑别人的缺点。	ridicule; deride; make fun of
巢穴	树上有个小鸟的巢穴。	nests
超越	他的成绩超越了所有人。	surmount; transcend; surpass
撤退	部队接到命令开始撤退。	withdraw; retreat; pull out
撤销	公司撤销了这个不合理的规定。	cancel; rescind; revoke
沉淀	水中的杂质会沉淀下来。	sediment; precipitation
陈旧	这套家具的款式很陈旧。	outmoded; obsolete;old-fashioned
陈列	博物馆里陈列着许多文物。	display; set out; exhibit
沉闷	阴雨天让人心情沉闷。	oppressive; depressing
陈述	请陈述一下事情的经过。	state; declare; allege
沉思	他坐在窗前沉思。	ponder; meditate; muse
衬托	绿叶衬托着红花，格外美丽。	set off
称心如意	这份工作让他称心如意。	have something as one wishes
沉重	这个箱子很沉重。	heavy
沉着	遇到危险他表现得很沉着。	cool-headed; composed
乘	我每天乘地铁上班。	to ride on; avail oneself of to multiply
橙	我喜欢吃橙子。	orange
盛	给我盛一碗饭。	fill; hold; contain
秤	商贩用秤称水果的重量。	scales; steelyard
承办	这家酒店可以承办婚宴。	undertake
承包	他承包了一项工程。	contract
城堡	山顶上有一座古老的城堡。	castle; citadel
成本	企业要控制生产成本。	cost
惩罚	做错事就要受到惩罚。	punish; penalise
称号	他获得了先进工作者的称号。	title; name; designation
成交	双方谈好价格后成交了。	strike a bargain; clinch a deal; conclude a transaction
承诺	我承诺一定会按时完成。	promise to do something
澄清	他站出来澄清了谣言。	clear; transparent
成天	他成天地玩游戏。	all day long; all the time
呈现	画面呈现出美丽的风景。	present; appear; emerge
成效	这个方法成效显著。	effect; result
成心	他不是成心的，别介意。	intentionally; on purpose
成员	每个成员都要遵守规则。	member
诚挚	他待人很诚挚。	sincere; cordial
赤道	赤道附近全年高温。	the equator
迟钝	年纪大了反应会迟钝一些。	slow (witted)
迟缓	老人行动迟缓。	slow; tardy; sluggish
持久	他们的友谊很持久。	lasting; enduring; persistent
吃苦	年轻人要能吃苦。	bear hardships
吃力	搬这个箱子很吃力。	strenuous; laborious
迟疑	面对选择他有些迟疑。	hesitate
赤字	公司这个月出现了赤字。	deficit
崇拜	孩子们崇拜英雄。	worship; adore; idolise
充当	他在团队里充当着重要角色。	act as; play the part of; pose as
重叠	这两张纸重叠在一起了。	one on top of another; overlapping
冲动	做事不要太冲动。	impulse; get excited
崇高	他有崇高的理想。	lofty; sublime
冲击	海浪冲击着岸边的礁石。	to lash; pound; strike
崇敬	人们崇敬这位伟大的科学家。	esteem; respect; revere
充沛	年轻人精力充沛。	plentiful; abundant; full of
充实	读书能让生活更充实。	substantial; rich
冲突	双方因为意见不同发生了冲突。	clash; collide; conflict
充足	仓库里的货物很充足。	adequate; sufficient; ample
筹备	大家一起筹备这次活动。	prepare; arrange
丑恶	我们要抵制丑恶现象。	ugly; repulsive; hideous
稠密	市中心人口很稠密。	dense; compactedness
除	除了他，其他人都来了。	get rid of; eliminate; remove
储备	家里要储备一些应急物资。	store for future use; lay up; reserve
初步	我们已经有了初步的方案。	initial; first step; preliminary
储存	重要数据要储存好。	store up; keep in reserve
触犯	任何人都不能触犯法律。	offend; violate; go against
处分	违反纪律会受到处分。	punish; take disciplinary action against
处境	他现在的处境很困难。	unfavourable situation; plight
出路	我们要找到一条出路。	way out; outlet
出卖	他出卖了自己的朋友。	to sell; offer for sale
出身	他出身于一个普通家庭。	family background
出神	他坐在那里出神。	be spellbound; be absorbed in; be lost in thought
出息	这孩子很有出息。	promise; prospects; future
储蓄	他把钱都储蓄起来了。	savings; deposits
处置	这件事要妥善处置。	to handle; deal with; manage
串	把这些珠子串起来。	string together
船舶	这里有很多船舶。	shipping; boats and ships; watercraft
传达	请把这个消息传达给大家。	pass on; relay; convey
传单	街上有人在发传单。	leaflet; handbill
川流不息	街上的行人川流不息。	a continuous flow
喘气	他跑得直喘气。	breathe; pant; gasp
传授	老师向学生传授知识。	pass on; impart
穿越	他们穿越了沙漠。	pass through; cut across
床单	请把床单换一下。	sheet; bedclothes
创立	他创立了一家公司。	found; originate; set up
创新	企业要不断创新才能发展。	innovate
创业	年轻人要勇于创业。	start  an undertaking; do pioneering work
创作	作家正在创作一部新小说。	create; produce
锤	他用锤子钉钉子。	hammer; [a metal ball with a handle or chain, used as weapon]
吹牛	他喜欢吹牛。	boast; brag
吹捧	他被吹捧得很厉害。	flatter
炊烟	村子里升起了袅袅炊烟。	smoke from kitchen chimneys
垂直	这两条线是垂直的。	perpendicular; vertical
纯粹	这是纯粹的巧合。	pure; complete; unadulterated
纯洁	孩子们的心灵很纯洁。	pure; clean and honest; chaste
刺	小心，别被刺扎到。	to stab; prick; thorn; splinter
磁带	我有很多音乐磁带。	magnetic tape; storage tape
伺候	他伺候老人很周到。	wait upon; serve
次品	这些都是次品。	substandard goods; defective goods
慈善	他经常参加慈善活动。	philanthropy
慈祥	奶奶的笑容很慈祥。	kindly; amiable
雌雄	这是一对雌雄鸟。	victory and defeat; male and female
次序	请按次序排队。	order; sequence; arrangement
丛	草丛里有一只兔子。	clump; cluster
从容	他表现得很从容。	to go easy
凑合	这件衣服还凑合能穿。	gather together; assemble; improvise
粗鲁	他说话太粗鲁了。	rough; rude; boorish
窜	老鼠窜进了洞里。	to flee; scurry; exile
摧残	疾病摧残了他的身体。	wreck; destroy; devastate
脆弱	她的感情很脆弱。	fragile; frail; tender
搓	他搓了搓手。	twist; rub with the hands
磋商	双方正在磋商。	consult; exchange views
挫折	遇到挫折不要灰心。	setback; frustration
搭	请把架子搭起来。	put up; build
打包	请把这些东西打包。	to wrap/box up
答辩	他明天要参加论文答辩。	reply to a charge; reply in support of one's own idea or opinion
大不了	大不了我们重新来。	if the worst comes to the worst
大臣	古代的大臣辅佐皇帝治理国家。	minister; secretary
达成	双方达成了共识。	reach; conclude
搭档	他们俩是老搭档了。	partner; cooperate; work together
答复	请给我一个答复。	formal reply; answer
打官司	他们在打官司。	go to court; engage in a lawsuit
大伙儿	大伙儿一起去吧。	we all; you all; everybody
打击	这对他是一个打击。	strike; attack; crack down
打架	他们在打架。	come to blows; fight; scuffle
打量	他上下打量了我一番。	look somebody up and down; size up
打猎	古代人靠打猎为生。	go hunting
搭配	这两件衣服搭配得很好。	arrange in pairs or groups
大肆	媒体大肆报道了这件事。	without restraint; wantonly; recklessly
大体	大体上是这样的。	more or less; by and large; cardinal principle
大意	开车时千万不能大意。	general idea; main points
打仗	他们在打仗。	fight; go to war; make war
大致	大致情况就是这样。	roughly; on the whole
逮捕	警察逮捕了犯罪嫌疑人。	arrest; take into custody
代价	成功是要付出代价的。	price; cost
代理	他是这家公司的代理商。	act on behalf of someone in position of responsibility
带领	老师带领我们去参观。	lead; guide
怠慢	不好意思，怠慢了。	snub; slight
歹徒	警察抓住了歹徒。	scoundrel; ruffian; hoodlum
蛋白质	鸡蛋里含有蛋白质。	protein
担保	我愿意为他担保。	warrant; guarantee; vouch for
诞辰	今天是他的诞辰。	birthday
淡季	冬天是旅游的淡季。	off season
胆怯	第一次上台他有些胆怯。	timid; cowardly
诞生	一个新生命诞生了。	be born; come into being; emerge
淡水	这是淡水湖。	fresh water
党	他加入了共产党。	(political) party
档案	请把这份文件存入档案。	files; archives; record
当场	他当场就承认了错误。	on the spot; then and there
当初	当初我就不同意这么做。	at the beginning; originally; in the first place
档次	这家餐厅档次很高。	grade; class
当代	他是当代著名的作家。	the present age; the contemporary era
当面	有什么问题请当面说。	to somebody's face; in somebody's presence; face to face
当前	当前最重要的是发展经济。	before one; present; current
当事人	这是当事人的决定。	party [in legal case]; litigant; person concerned
当务之急	当务之急是解决资金问题。	a pressing matter of the moment; urgent matter
当选	他当选为公司总经理。	be elected
倒闭	那家公司倒闭了。	close down; go bankrupt; go out of business
导弹	这是一枚导弹。	guided missile
稻谷	田里的稻谷成熟了。	paddy; rice (in the husk)
导航	手机有导航功能。	navigation
捣乱	他总是捣乱。	make trouble; create a disturbance
盗窃	他因盗窃罪被判刑。	steal; pilfer
导向	这是政策的导向。	orientation; guidance; direct (something)
得不偿失	这样做得不偿失。	lose more than you gain
得力	他是我的得力助手。	benefit from
得天独厚	这里的地理位置得天独厚。	be born under a lucky star; enjoy exceptional advantages
得罪	他说话太直，容易得罪人。	offend; displease
蹬	他蹬着自行车上班。	pedal
瞪	他瞪着眼睛看我。	glare; stare at; open (one's eyes) wide
等候	我在门口等候你。	to wait; await; expect
等级	这是最高等级的。	grade; rank
灯笼	春节时家家户户挂灯笼。	lantern
登录	请登录你的账号。	log on/in
登陆	台风登陆了。	land; disembark
堤坝	河上有一座堤坝。	dyke, levee
地步	事情怎么会弄到这个地步？	condition; plight; situation
抵达	我们顺利抵达了目的地。	arrive; reach
抵抗	他们顽强地抵抗敌人的进攻。	resist; stand up to; oppose
敌视	他敌视所有的人。	be hostile to; be antagonistic to
地势	这里的地势很平坦。	physical features of a place; topography
递增	产量逐年递增。	increase by degrees
抵制	我们要抵制不良诱惑。	boycott; resist
地质	这里的地质结构很特殊。	geology
垫	请把垫子铺好。	pad; put something under something else to raise it up or make it level; fill a vacancy
颠簸	车子颠簸得很厉害。	jolt; bump; thrash
颠倒	这张图片放颠倒了。	put upside down; overthrow; transpose
奠定	这为他的成功奠定了基础。	establish; settle
惦记	妈妈总是惦记着我。	be concerned about; keep thinking about
典礼	学校举行了开学典礼。	ceremony; celebration
典型	这是一个典型的例子。	typical example; model; type
电源	请拔掉电源。	electric source; power pack
点缀	鲜花点缀着整个房间。	embellish; ornament; adorn
叼	狗嘴里叼着一根骨头。	hold in the mouth
吊	墙上吊着一盏灯。	hang; suspend; lift up or let down with a rope
调动	他被调动到另一个部门。	transfer; shift; manoeuver
雕刻	他在雕刻一个石像。	carve; chisel; engrave
雕塑	广场上有一座雕塑。	carve and mould; sculpture
跌	他跌倒了。	fall; tumble
丁	甲乙丙丁，丁是第四位。	fourth; cubes
盯	他盯着我看。	fix one's eyes on; gaze at; stare at
定期	我们定期开会。	fix a date; at regular intervals
定义	请给这个词下个定义。	definition; delimiting
叮嘱	妈妈叮嘱我路上小心。	urge again and again; repeatedly advise; exhort
丢人	这样做太丢人了。	lose face
丢三落四	他总是丢三落四的。	forgetful
栋	这是一栋大楼。	ridgepole; [measure word for a building]
动荡	局势很动荡。	turbulence; upheaval; unrest
东道主	我们是东道主。	host; one who pays for a meal
动机	他的动机不纯。	motive; intention; cause
冻结	银行账户被冻结了。	to freeze; congeal
动静	外面有什么动静？	the sound of movement
动力	这是前进的动力。	impetus; motivation; motive power/force
动脉	他的动脉受伤了。	artery
动身	我们明天动身去北京。	go on a journey; set out on a journey
董事长	他是公司的董事长。	chairman of the board
动手	不要动手打人。	start work
动态	请关注最新动态。	trends; tendencies; probable cause of action
动员	学校动员大家参加活动。	mobilise
东张西望	他在教室里东张西望。	look all around
兜	他的口袋里兜着很多东西。	pocket; move in a circle; canvas
陡峭	这座山很陡峭。	precipitous
斗争	我们要与困难做斗争。	struggle; fight; combat
赌博	赌博是违法行为。	gamble
独裁	独裁统治不得人心。	dictatorship; autocratic rule
督促	老师督促我们学习。	urge; press; push forward
杜绝	我们要杜绝浪费现象。	stop; completely eradicate; put an end to
毒品	毒品是有害的。	drugs; narcotics
堵塞	道路被车辆堵塞了。	stop up; block up; choke
端	请把碗端过来。	end; extremity
短促	时间很短促。	very brief; pressed for time; short
断定	我断定他会来。	conclude; form a judgment
断绝	他们断绝了来往。	break off; cut off; sever
端午节	端午节快乐！	Dragon Boat Festival
端正	他的五官很端正。	upright; regular
对策	我们要想出对策。	the way to deal with a situation; countermeasure
对称	这个图案很对称。	symmetry
对付	他很难对付。	deal with; cope with; tackle
堆积	货物堆积如山。	pile up; heap up; accumulate
对抗	两支球队在场上对抗。	confrontation; antagonise; counter
对立	双方的观点是对立的。	oppose; set something against
对联	春节贴对联。	[a pair of scrolls containing a poetic couplet]
队伍	队伍排得很长。	troops; army
兑现	他兑现了承诺。	cash a check; honour a commitment
对应	这两个词是对应的。	corresponding
对照	请对照原文检查翻译。	contrast; compare
顿时	他顿时明白了。	immediately; suddenly; at once
堕落	他不要自甘堕落。	go downhill; degenerate
哆嗦	他冻得直哆嗦。	tremble; shiver
多元化	文化多元化。	pluralise
恶化	病情恶化了。	worsen; deteriorate; exacerbate
额外	这是额外的奖励。	extra; additional; added
恶心	他感到恶心。	feel like vomiting; nausea
遏制	我们要遏制这种现象。	keep within limits; contain; suppress
恩怨	他们之间有恩怨。	resentment; grudge
二氧化碳	这是二氧化碳。	carbon dioxide
而已	我只是开个玩笑而已。	that is all; nothing more
发布	公司发布了新产品。	publish; issue; release
发财	恭喜发财！	get rich; make a fortune
发呆	他在发呆。	stare blankly; dumbfounded; in a daze
发动	他发动了汽车。	start; launch
发觉	我发觉他变了。	come to know; be aware; realise
法人	他是公司法人。	legal person
发射	火箭发射了。	launch; radiate; project
发誓	他发誓要成功。	vow; pledge; swear an oath
发行	这是新发行的邮票。	sell wholesale
发炎	伤口发炎了，需要涂药。	inflame
发扬	我们要发扬优良传统。	develop; promote; carry forward
发育	这个孩子发育得很好。	growth; development
番	这是一番好意。	foreign
反驳	他反驳了我的观点。	refute; retort; rebut
反常	今天的天气有点反常。	unusual; abnormal; perverse
范畴	这属于哲学范畴。	category; domain; scope
反感	我对这种行为很反感。	be disgusted with; be averse to
繁华	这是一条繁华的街道。	flourishing; prosperous; bustling
反抗	他们反抗压迫。	revolt; resist; react
反馈	请给我们一些反馈。	feedback
泛滥	河水泛滥成灾。	be in flood; overflow; unchecked
贩卖	他贩卖水果为生。	traffic; peddle; sell
繁忙	他工作很繁忙。	busy
反面	硬币的反面是什么图案？	reverse side; wrong side; back
反射	阳光从水面反射过来。	reflex; reflect; reverberate
凡是	凡是学生都要遵守校规。	every; any; all
反思	我们要反思自己的错误。	self-examination; introspection; profound consideration
繁体字	台湾使用繁体字。	complex Chinese characters [in their original full form]
反问	他反问了我一个问题。	ask in reply; answer a question with a question
繁殖	动物在春天繁殖。	breed; reproduce; propagate
反之	努力就会成功，反之则会失败。	conversely; on the contrary; otherwise
放大	请把照片放大。	amplify; magnify; boost; enlarge
放射	太阳放射出光芒。	radiate; emit
防守	他们防守得很好。	defend; guard
方位	请告诉我方位。	position; bearing; points of the compass
访问	总统访问了中国。	to interview; visit
方言	他会说几种方言。	dialect
防御	我们要加强防御。	defense
方圆	方圆百里都没有人烟。	around
方针	这是我们的基本方针。	policy; guiding principle; orientation
防止	我们要防止事故发生。	prevent; guard against
防治	防治疾病很重要。	prevention and cure; preventive treatment
纺织	她在纺织厂工作。	spinning and weaving
肺	吸烟伤肺。	lung
诽谤	诽谤他人是违法的。	slander; libel; defame
废除	国家废除了旧法律。	abolish; annul; annihilate
非法	这是非法行为。	illegal; unlawful; illicit
废寝忘食	他学习废寝忘食。	to neglect sleep and forget about food [idiom]
飞禽走兽	森林里有很多飞禽走兽。	birds and animals
沸腾	水沸腾了。	boiling
肥沃	这片土地很肥沃。	fertile; rich
飞翔	小鸟在天空中飞翔。	flight; circle in the air; hover
废墟	这里变成了一片废墟。	ruins; remainder; wasteland
飞跃	他的成绩有了飞跃。	leap
分辨	你能分辨出这两个词吗？	distinguish; differentiate; resolution
分寸	说话要注意分寸。	sense of propriety
吩咐	妈妈吩咐我去买东西。	instruct
分红	公司年底会分红。	share out bonus; draw/receive dividends
分解	这种物质容易分解。	resolve; decompose; disintegrate
分量	这个包裹分量不轻。	weight
分裂	国家不能分裂。	split; break up; tear
分泌	人体会分泌汗液。	secrete; excretion
分明	是非要分明。	clear; obvious; clearly demarcated
粉末	把药磨成粉末。	(fine) powder
坟墓	山上有一座古老的坟墓。	grave; tomb
愤怒	他愤怒地看着我。	indignation; anger; rage
分歧	我们之间有分歧。	difference; divergence
分散	人群渐渐分散了。	disperse; scatter; decentralise
粉色	她喜欢粉色。	pink
粉碎	杯子摔得粉碎。	smash; shatter
逢	每逢过节，他都会回家。	meet; come upon
风暴	海上有风暴。	storm; tempest
封闭	这个港口封闭了。	seal off; close
风度	他很有风度。	demeanour; bearing
风光	这里的风光很美。	scene; view; sight
封建	这是封建思想。	feudalism
锋利	这把刀很锋利。	sharp; keen
丰满	她的身材很丰满。	plentiful
风气	社会风气越来越好。	general mood; atmosphere; common practice
风趣	他说话很风趣。	humour; wit
丰盛	这顿饭很丰盛。	rich; sumptuous
丰收	今年是个丰收年。	bumper harvest
封锁	道路被封锁了。	blockade; block; seal off
风土人情	我喜欢这里的风土人情。	local customs and practices
风味	这道菜有地方风味。	special flavour; local colour; aroma
奉献	他为教育事业奉献了一生。	offer as a tribute; present with all respect
否决	提案被否决了。	reject; vote down; overrule
副	他是副总经理。	deputy; vice-; auxiliary
腐败	我们要反对腐败。	rotten; putrid; decayed
服从	士兵要服从命令。	to obey; submit to
负担	他的负担很重。	bear; shoulder; burden; load
幅度	价格有一定幅度的上涨。	scope; extent
夫妇	他们是一对夫妇。	husband and wife
覆盖	大雪覆盖了大地。	cover; overlap; vegetation
符号	这是一个数学符号。	character; sign; symbol
附和	他总是附和别人。	echo; repeat what others say
复活	春天来了，万物复活。	bring back to life; revive; resuscitate
附件	邮件里有一个附件。	attachment; appendix; enclosure
腐烂	水果腐烂了。	become putrid; decompose; corrupt
福利	这家公司的员工福利很好。	(material) welfare
俘虏	他们俘虏了很多敌人。	capture; take prisoner
抚摸	她抚摸着孩子的头。	to gently caress and stroke
服气	他的技术让人服气。	be convinced
福气	你真有福气。	happy lot; good fortune
夫人	这位夫人请问您需要什么？	Lady; Madam
辐射	电脑有辐射。	radiation; beaming
腐蚀	酸会腐蚀金属。	corrode
俯视	从山顶俯视山下。	overlook
附属	这是一家附属医院。	subsidiary; auxiliary; affiliated
腹泻	他吃坏了肚子，腹泻了。	diarrhoea
复兴	我们要实现民族复兴。	revive; rejuvenate; resuscitate
腐朽	这根木头腐朽了。	rotten; decayed
敷衍	他做事很敷衍。	be perfunctory; go through the motions; whitewash
抚养	父母抚养孩子长大。	foster; raise; bring up
赋予	时代赋予我们重任。	give; endow; entrust
富裕	他的家庭很富裕。	prosperous; well-off
辅助	这是一个辅助工具。	assist; auxiliary; subsidiary
钙	牛奶里含有钙。	calcium [Chemistry]
改良	我们要改良品种。	improve; ameliorate; reform
盖章	请在这里盖章。	affix one's seal; stamp
尴尬	他感到很尴尬。	awkward; embarrassed
干旱	这里发生了干旱。	drought; arid; dry
干劲	他干劲十足。	drive; vigour; enthusiasm
感慨	他感慨时光飞逝。	sigh (with emotion)
感染	伤口感染了。	infect; influence
干扰	不要干扰别人学习。	disturb; obstruct
干涉	不要干涉别国内政。	interfere; intervene; meddle
干预	政府干预了这件事。	intervene; interpose; meddle
杠杆	这是一个杠杆原理。	lever; pry bar
港口	这是一个繁忙的港口。	port; harbour
纲领	这是我们的行动纲领。	programme; guiding principle
港湾	船停靠在港湾里。	haven; estuary
岗位	他坚守在自己的岗位上。	post; station
高超	他的技术很高超。	excellent; exquisite; superb
高潮	晚会达到了高潮。	high tide; climax
告辞	他起身告辞了。	farewell; take leave
高峰	上下班是交通高峰期。	peak; summit
稿件	这是最新的稿件。	manuscript; contribution
告诫	老师告诫我们要努力学习。	warn; admonish; enjoin
高明	他的办法很高明。	brilliant; bright
高尚	他的品德很高尚。	noble; lofty; respectable
高涨	群众的热情很高涨。	upsurge
搁	把书搁在桌子上。	bear; endure; stand
割	他割伤了手。	cut; mow (grass)
疙瘩	他的脸上长了个疙瘩。	a swelling on the skin; pimple; lump
隔阂	他们之间有隔阂。	estrangement; misunderstanding
格局	这是一个新的格局。	pattern; setup; structure
隔离	病人需要隔离。	isolate; keep apart; segregate
革命	这是一场革命。	revolution
格式	请注意文件格式。	layout; pattern; format
各抒己见	大家各抒己见。	everyone expresses their own view
歌颂	诗人歌颂祖国。	sing the praises of; extol; eulogise
个体	这是一个个体经营户。	individuality; personality
鸽子	天上飞着一群鸽子。	pigeon; dove
跟前	他走到我跟前。	at one's side; living with me/us etc
根深蒂固	这种思想根深蒂固。	ingrained; inveterate; deep-seated
跟随	孩子们跟随老师去公园。	follow; go after
根源	我们要找到问题的根源。	source; origin; root
跟踪	警察在跟踪嫌疑人。	follow the tracks of; following
耕地	农民在耕地。	plough; till; cultivated land
更新	软件需要更新。	renew; renovate; update
更正	请更正一下这个错误。	make corrections; amend
公安局	他去公安局报案。	Public Security Bureau (PSB)
供不应求	这种产品供不应求。	demand exceeds supply
公道	这个价格很公道。	fair; just; reasonable
宫殿	故宫里有很多宫殿。	palace
公告	墙上贴着一张公告。	public announcement
巩固	我们要巩固成果。	consolidate; strengthen; solidify
公关	他负责公关工作。	public relations
共和国	中国是一个共和国。	republic
攻击	敌人发起了攻击。	attack; assault; accuse
供给	市场供给充足。	supply; provide; furnish
共计	共计一百元。	altogether; grand total
恭敬	他对长辈很恭敬。	respectful; with great respect
攻克	他们攻克了难关。	capture; take
功劳	这是大家的功劳。	contribution; meritorious service
公民	每个公民都有选举权。	citizen
共鸣	这首歌引起了共鸣。	resonate; sympathetic response
公然	他公然违反规定。	openly; brazenly
公认	他是公认的专家。	universally acknowledged
公式	这是一个数学公式。	formula
公务	他因公出差。	public affairs; official business
功效	这种药功效很好。	efficacy
工艺品	这家店卖工艺品。	handicrafts
公正	裁判要公正。	just; fair; impartial
公证	这份合同需要公证。	notarisation
勾结	他们勾结在一起。	collude with; in league with; be hand and glove with
构思	这篇文章构思巧妙。	work out the plot of a literary work or the composition of a painting; conception; design
钩子	墙上有个钩子。	hook; hanger
股东	他是这家公司的股东。	shareholder
古董	他收藏了很多古董。	antique; curio
鼓动	他鼓动大家参加。	promote; agitate
孤独	老人感到很孤独。	lonely; lonesome
股份	他持有公司的股份。	share; stock
辜负	不要辜负父母的期望。	let down; fail to live up to; be unworthy of
骨干	他是公司的骨干。	backbone; mainstay
古怪	他的脾气很古怪。	eccentric; odd; quaint
孤立	他被孤立了。	isolated; solitary; separate
顾虑	你不要有太多顾虑。	misgiving; apprehension; scruple
姑且	姑且相信他一次。	tentatively; for the moment
固然	这样做固然好，但有风险。	no doubt; it is true
固体	冰是水的固体形态。	solid (object)
顾问	他是我们的法律顾问。	advisor; consultant
故乡	我的故乡在重庆。	native place; hometown; birthplace
雇佣	公司雇佣了很多员工。	employ; hire
固有	这是他固有的特点。	intrinsic; inherent; innate
故障	机器出故障了。	hitch; breakdown; fault
固执	他很固执。	obstinate; stubborn
拐杖	老人拄着拐杖。	crutch; walking stick
罐	给我一罐饮料。	jar; pot; tank
贯彻	我们要贯彻落实这个政策。	carry out; implement; put into effect
官方	这是官方消息。	of/by the government; official
灌溉	农民灌溉农田。	irrigate; watering
观光	我们去观光旅游。	go sightseeing; visit; tour
关怀	老师关怀学生。	show care for
惯例	按照惯例，我们要开个会。	convention; usual practice; custom
管辖	这是他管辖的范围。	have jurisdiction over; administer
关照	请多多关照。	look after; keep an eye on
光彩	她光彩照人。	lustre; splendour; radiance
光辉	太阳的光辉照耀大地。	brilliance; glory; radiance
广阔	草原很广阔。	vast; spacious; expansive
光芒	太阳发出光芒。	rays of light
光荣	当老师是很光荣的。	honour; glory; credit
跪	他跪了下来。	kneel (down)
轨道	这是火车轨道。	track; pathway
规范	我们要遵守行为规范。	standard; norm; specification
规格	这是产品规格。	specifications; norms; standards
归根到底	归根到底，我们要努力。	in the final analysis; in the long run
规划	我们要做好未来规划。	planning; programming; project
归还	请把书归还。	return; revert; send back
规章	这是规章制度。	rules; regulations
贵族	他出身贵族。	aristocrat; nobility
棍棒	他手里拿着一根棍棒。	club; cudgel; bludgeon
过渡	这是过渡时期。	transit
过度	不要过度劳累。	excessive; over; undue
果断	他做事很果断。	resolute; decisive
国防	这是国防建设。	national defense
过奖	您过奖了。	overpraise; undeserved compliment
过滤	请把水过滤一下。	filter; screen
过失	这是他的过失。	fault; error; misconduct
过问	请不要过问这件事。	concern oneself with; take an interest in
国务院	这是国务院。	State Council
过瘾	这游戏玩得很过瘾。	satisfy a craving; do something to one's heart's content
过于	不要过于担心。	too; unduly; excessively
嗨	嗨，你好！	[sound used in lyrics for balance or euphony]
海拔	这座山海拔很高。	height; elevation
海滨	我们去海滨度假。	seashore; strand
含糊	他的回答很含糊。	ambiguous; vague
罕见	这是一种罕见的病。	seldom seen; rare
捍卫	我们要捍卫国家主权。	defend; guard; protect
寒暄	他们在寒暄。	exchange conventional greetings
含义	这个词的含义是什么？	meaning; implication
航空	这是航空公司。	aviation
行列	他站在行列里。	ranks
航天	这是航天飞机。	space flight; aerospace
航行	船在海上航行。	navigate by water/air; sail
耗费	这耗费了很多时间。	consume; expend; cost
豪迈	他很豪迈。	bold and generous
毫米	这是一毫米。	millimetre
毫无	他毫无办法。	none; not in the least
号召	响应号召。	call; appeal
呵	呵，原来是你！	breathe out; oh
和蔼	她很和蔼。	kindly; affable; amiable
合并	这两家公司合并了。	merge; amalgamate; combine
合成	这是合成材料。	compose; compound; synthetise
合伙	他们合伙做生意。	partnership; form a partnership
和解	他们和解了。	compromise; conciliate; reconcile
和睦	家庭和睦。	harmony; amity
和气	他很和气。	gentle; kind; polite
合算	这笔买卖很合算。	cost-effective
和谐	社会和谐。	harmonious; melodious; tuneful
嘿	嘿，等一下！	hey
恨不得	我恨不得马上就去。	very anxious to; how one wishes one could
痕迹	地上有脚印的痕迹。	mark; vestige; impression
狠心	他很狠心。	ruthless
哼	哼，我才不信呢！	humph; tut
横	这条线是横的。	horizontal
哄	他在哄孩子。	roars of laughter; clamour
烘	他在烘衣服。	dry or warm by the fire
轰动	这件事引起了轰动。	cause a sensation; create quite a stir
宏观	这是宏观经济。	macroscopic view
洪水	洪水泛滥。	flood; deluge
宏伟	这座建筑很宏伟。	magnificent; grand
吼	狮子在吼叫。	roar; howl
后代	我们要为后代着想。	later generations
后顾之忧	他没有后顾之忧。	worry about things back home
喉咙	他的喉咙疼。	throat; gullet
后勤	这是后勤部门。	logistics
候选	他是候选人。	be a candidate; run for office
呼唤	他在呼唤我的名字。	to call out (a name etc)
胡乱	他胡乱写了一通。	carelessly; casually; at random
忽略	不要忽略细节。	ignore; lose sight of; neglect
湖泊	这里有很多湖泊。	lake
呼啸	寒风呼啸着吹过。	whistle; howl; scream
胡须	他留着长长的胡须。	beard; moustache; whiskers
呼吁	政府呼吁大家保护环境。	appeal; call on
花瓣	花朵的花瓣很美丽。	petal
化肥	农民使用化肥种庄稼。	chemical fertiliser
划分	我们把这个问题划分成几个部分。	divide; partition
花蕾	树上结满了花蕾。	bud
华丽	这座宫殿很华丽。	magnificent; resplendent; gorgeous
华侨	他是一位华侨。	overseas Chinese; Chinese people living abroad
画蛇添足	这样做简直是画蛇添足。	draw a snake and add feet to it 
化石	博物馆里有很多化石。	fossil
话筒	请对着话筒说话。	microphone; megaphone
化验	血样送去化验了。	chemical examination; laboratory test
化妆	她每天都要化妆。	make up; apply cosmetics
缓和	局势有所缓和。	relax; calm; ease up
环节	这是重要的一个环节。	link; segment
欢乐	孩子们欢乐地玩耍。	happy; joyous
还原	请把文件还原。	return to the original condition or shape; restore
患者	医院里有很多患者。	patient; sufferer
晃	他晃了晃脑袋。	to shake
皇帝	古代的皇帝权力很大。	emperor
皇后	皇后穿着华丽的衣服。	empress
黄昏	黄昏时分，天渐渐暗了。	dusk
荒凉	这里很荒凉。	bleak and desolate; wild
荒谬	这个想法太荒谬了。	absurd; preposterous
恍然大悟	听了他的话，我恍然大悟。	be suddenly enlightened
荒唐	这个主意太荒唐了。	absurd; fantastic; preposterous
回报	付出就会有回报。	bring back a report
汇报	请向领导汇报工作。	report; give an account of
回避	他总是回避这个问题。	avoid; dodge; evade
回顾	让我们回顾一下历史。	look back; review; retrospect
悔恨	他悔恨不已。	regret deeply; be bitterly remorseful
辉煌	这座建筑曾经很辉煌。	splendid; glorious; magnificent
挥霍	他挥霍无度。	spend lavishly; squander
贿赂	贿赂是违法行为。	bribe; bribery
毁灭	大火毁灭了整个村庄。	destroy; exterminate; ruin
回收	垃圾要分类回收。	retrieve; recover; reclaim
会晤	两国领导人进行了会晤。	meet
荤	我不吃荤。	non-vegetarian food [meat, fish etc.]
混合	把这两种颜色混合在一起。	mix; blend; mingle
混乱	这里秩序很混乱。	confusion
昏迷	他昏迷了三天。	stupor; coma
浑身	他浑身湿透了。	from head to toe; all over
混淆	不要混淆概念。	confound; obscure; blur
混浊	河水很混浊。	muddy; turbid
货币	人民币是中国的货币。	money; currency
活该	他活该受到惩罚。	deservedly
火箭	火箭发射成功了。	rocket; fire arrow
活力	年轻人充满活力。	vigour; vitality
火焰	火焰熊熊燃烧。	flame; blaze
火药	火药是中国发明的。	gunpowder
即便	即便下雨，我们也要去。	even if; even though
级别	这是最高级别的会议。	rank; level; grade
疾病	他得了一种罕见的疾病。	disease; illness; sickness
继承	他继承了父亲的遗产。	inherit; succeed; carry on
基地	这是一个军事基地。	base
机动	我们要保持机动性。	motor-driven; motorised
嫉妒	不要嫉妒别人。	be jealous of; envy
季度	这个季度业绩很好。	quarter
极端	他的想法很极端。	extremes; exceeding; pole
饥饿	饥饿的孩子需要食物。	hunger; starvation
激发	这个故事激发了我的兴趣。	arouse; stimulate; stir up
急功近利	做事情不能急功近利。	eager for quick success and instant benefits
机构	这是一个政府机构。	mechanism; organisation; institution
籍贯	请问你的籍贯是哪里？	the place of one's birth
忌讳	这是当地的忌讳。	taboo
即将	电影即将开始。	be about to; be on the point of
计较	不要计较个人得失。	bother about; haggle over
基金	他买了一些基金。	foundation; fund
寂静	夜晚的森林很寂静。	quiet; still; silent
急剧	气温急剧下降。	rapid; sharp; sudden
季军	他获得了季军。	third place
激励	老师的话激励了我。	encourage; impel; urge
机灵	这孩子很机灵。	clever; smart;  intelligent
机密	这是机密文件。	secret; classified; confidential
技巧	他有很多技巧。	skill; technique
急切	他急切地想知道结果。	eager;urgent; imperative
激情	他充满了工作激情。	intense emotion; fervour; passion
集团	这是一家大型集团公司。	group; clique; circle
寄托	父母把希望寄托在孩子身上。	entrust to the care of somebody; leave with somebody
极限	这已经是极限了。	limit; the maximum; the ultimate
吉祥	这是一个吉祥的数字。	lucky; auspicious; propitious
迹象	这是一个不好的迹象。	sign; token; indication
讥笑	不要讥笑别人。	ridicule; sneer at; deride
机械	这是一台机械装置。	machinery; mechanism; mechanical
记性	他的记性很好。	memory
纪要	这是会议纪要。	summary; minutes
基因	基因决定了人的特征。	gene
机遇	这是一个难得的机遇。	favourable circumstances; opportunity; chance
给予	请给予帮助。	rendition
急于求成	做事情不能急于求成。	be anxious for success
记载	历史书上有记载。	put down in writing; record
及早	有问题要及早解决。	at an early date; as soon as possible; before it is too late
急躁	他的性格很急躁。	irritable; irascible; testy
机智	他很机智。	quick-witted; resourceful
家常	这是一道家常菜。	the daily life of a family
加工	这些材料需要加工。	process; machining; handling
家伙	这个家伙很厉害。	tool; utensil; livestock
加剧	矛盾加剧了。	aggravate; intensify; exacerbate
家属	他的家属来了。	family members; dependents
佳肴	这是一桌佳肴。	delicacies
家喻户晓	这个故事家喻户晓。	make known to every family; be known by one and all
夹杂	雨里夹杂着雪。	be mixed up with
煎	他在煎鸡蛋。	pan fry; fry in shallow oil
拣	他拣了一个苹果。	choose; select; pick out
溅	水溅了我一身。	splash; spatter
剑	这是一把剑。	double-edged sword
鉴别	请鉴别真假。	distinguish; discriminate; discern
剪彩	举行了剪彩仪式。	cut the ribbon at an opening ceremony
间谍	他是一名间谍。	spy; secret agent
坚定	他的态度很坚定。	firm; staunch; steadfast
鉴定	这是鉴定结果。	appraise; identify; authenticate
监督	请监督我。	supervise; control; monitor
尖端	这是尖端技术。	pointed end; nib
见多识广	他见多识广。	have great experience
间隔	间隔五分钟。	interval; space
坚固	这座桥很坚固。	firm; solid; sturdy
简化	请简化一下。	simplify
间接	这是间接影响。	secondhand; indirect
见解	他有独到的见解。	view; opinion; understanding
简陋	这间房子很简陋。	simple and crude
艰难	这是一段艰难的日子。	difficult; hard; arduous
健全	制度很健全。	sound; sane; perfect
坚韧	他很坚韧。	tough and tensile; firm and tenacious
尖锐	这个问题很尖锐。	acute; penetrating; incisive
坚实	基础很坚实。	solid; substantial; staunch
监视	警察在监视嫌疑人。	keep watch over; guard; monitor
践踏	不要践踏草坪。	tread on; trample underfoot
检讨	他做了检讨。	self-criticism
简体字	这是简体字。	simplified Chinese character
舰艇	这是一艘舰艇。	naval craft
见闻	他见闻广博。	what one sees and hears
检验	产品要经过检验。	checkout; examine; inspect
简要	请简要说明。	concise and to the point; brief
见义勇为	他见义勇为。	act bravely for a just cause
坚硬	这块石头很坚硬。	hard; solid; rigidity
监狱	他被关进了监狱。	prison; jail
鉴于	鉴于此，我们要努力。	in view of; in the light of; seeing that
桨	这是船桨。	oar; paddle; propeller
将近	将近十点了。	be close to; almost; nearby
将就	将就一下吧。	to put up with
将军	他是一位将军。	general; admiral
奖励	他获得了奖励。	encourage and reward; award; reward
降临	夜幕降临了。	befall; arrive
奖赏	他获得了奖赏。	award; reward
僵硬	他的身体很僵硬。	stiff; rigid; inflexible
搅拌	请搅拌一下。	stir; whip; agitate
交叉	两条线交叉了。	intersect; cross
交代	请交代清楚。	hand over; transfer
焦点	这是焦点问题。	focal point; central issue
焦急	他很焦急。	anxious; worried
较量	他们在较量。	measure one's strength with; have a contest
角落	他躲在角落里。	corner; nook; secluded place
缴纳	请缴纳费用。	pay (taxes; fine etc)
娇气	她很娇气。	squeamish; finicky
交涉	他们在交涉。	negotiate
侥幸	他侥幸逃脱了。	luckily
教养	他很有教养。	bring up; train; educate
交易	这是一笔交易。	business; deal
皆	人人皆知。	all; each and every
戒备	他很戒备。	guard; take precautions; be on the alert
阶层	这是不同的阶层。	section; rank; stratum
杰出	他是一位杰出的科学家。	outstanding; distinguished; prominent
解除	解除了警报。	remove; get rid of
解放	新中国解放了。	to liberate; emancipate
解雇	他被解雇了。	dismiss; fire; lay off
借鉴	我们要借鉴经验。	use for reference; draw lessons from; draw on the experience of
竭尽全力	他竭尽全力。	strain every nerve; do all in one's power; do everything one can
结晶	这是智慧的结晶。	crystallise; fruit
结局	结局很圆满。	final result; outcome; ending
接连	接连下了三天雨。	in a row; in succession
揭露	他揭露了真相。	expose
解剖	这是解剖学。	dissect; anatomy
解散	队伍解散了。	dismiss
结算	请结算一下。	settle accounts; close an account
解体	苏联解体了。	disintegrate; break up; dismantle
界限	这是界限。	dividing line; limits; bounds
截止	截止到今天。	to put a stop to something
截至	截至目前。	by; up to; as of
节制	要节制饮食。	to control
借助	借助外力。	draw support from; with the help of
节奏	生活节奏很快。	rhythm
进而	进而取得成功。	and then
进攻	敌人发起了进攻。	attack; assault; offensive
进化	这是进化论。	evolution
津津有味	他吃得津津有味。	eat with a gusto; find very interesting
近来	近来天气很好。	recently; lately
尽量	请尽量帮忙。	to the best of one's ability; as far as possible
浸泡	把菜浸泡一下。	soak; bath; immerse
紧迫	时间很紧迫。	urgent; pressing; imminent
金融	这是金融危机。	finance; banking
锦上添花	这真是锦上添花。	[lit.] onto brocade, add flowers; to add to something that is already perfect [idiom]
晋升	他晋升了。	promote to a higher office
进展	进展顺利。	evolve; make headway
茎	这是植物的茎。	stem; stalk
井	这是一口井。	well (for drawing water)
精打细算	他很会精打细算。	calculate very carefully; budget strictly
惊动	惊动了大家。	startle; alarm; shock
经费	经费不足。	funds; outlay
警告	他受到了警告。	warn; caution; admonish
精华	这是精华部分。	essence; best feature; soul
精简	机构精简了。	simplify; cut; reduce
境界	这是一种境界。	boundary; extent reached
兢兢业业	他工作兢兢业业。	be conscientious and do one's best
敬礼	学生向老师敬礼。	salute; extend one's greetings
精密	这是一台精密仪器。	precise; accurate
惊奇	他感到很惊奇。	wonder; be surprised; be amazed
精确	这个计算很精确。	accurate; exact; precise
竞赛	他参加了数学竞赛。	contest; competition; race
警惕	我们要提高警惕。	be on guard against; watch out for
精通	他精通英语。	be proficient in; have a good command of; master
镜头	这是一个相机镜头。	camera lens
经纬	这是经纬线。	longitude and latitude; logical planning; state of affairs; manage
精心	这是精心准备的。	meticulously; painstakingly
竞选	他参加了竞选。	enter into an election contest; campaign for; run for
惊讶	他惊讶地看着我。	surprised; amazed; astonished
敬业	他很敬业。	to be dedicated to one's work
精益求精	做事情要精益求精。	constantly striving for perfection
精致	这个工艺品很精致。	fine; exquisite; delicate
颈椎	他的颈椎不好。	cervical vertebra [bones in the neck]
纠纷	他们之间有纠纷。	dispute; issue
救济	政府救济灾民。	relief; succour
就近	请就近坐下。	nearby; in the neighbourhood; without having to go far
酒精	这是酒精。	alcohol
就业	大学生就业问题很重要。	obtain employment; get a job
纠正	请纠正我的错误。	correct; put right; redress
就职	他正式就职了。	assume office
剧本	这是一个剧本。	play; script
局部	这只是局部问题。	part; locality
举动	这是一个奇怪的举动。	movement; activity
鞠躬	他向观众鞠躬。	bow
聚精会神	他聚精会神地看书。	concentrate one's attention on; be absorbed
咀嚼	吃东西要细嚼慢咽。	chew; mull over
剧烈	疼痛很剧烈。	violent; acute; severe
拘留	他被拘留了。	detain; hold in custody; intern
局面	现在局面很复杂。	aspect; phase; situation
居民	这里的居民很友好。	resident
沮丧	他感到很沮丧。	dispirited; dejected; disheartened
局势	国际局势很紧张。	situation
举世瞩目	这是一个举世瞩目的成就。	attract worldwide attention
拘束	他显得很拘束。	restrain; restrict
据悉	据悉，他已经辞职了。	it is reported; by report
局限	这个方法有局限性。	limit; confine; localisation
居住	他居住在上海。	live; reside; dwell
举足轻重	他在公司里举足轻重。	play a decisive role; hold the balance of power
卷	这是一卷纸。	roll; examination paper
决策	这是一个重要决策。	make a strategic decision; decide a policy
倔强	他的性格很倔强。	unbending
绝望	他感到绝望。	give up all hope; despair
觉悟	他的觉悟很高。	consciousness; awareness; understanding
觉醒	民族觉醒了。	awaken
军队	这是一支强大的军队。	armed forces; troops
君子	他是一位君子。	gentleman
卡通	孩子们喜欢看卡通。	cartoon
开采	这里开采煤矿。	mine; extract; exploit
开除	他被学校开除了。	expel; discharge; dismiss
开阔	这里视野很开阔。	open; tolerant; generous in thoughts
开朗	他的性格很开朗。	open and clear
开明	他的思想很开明。	enlightened; liberal; open-minded
开辟	我们要开辟新市场。	open up; hew out
开拓	他开拓了新的领域。	open up; reclaim; extension
开展	我们要开展活动。	develop; launch; unfold
开支	这个月的开支很大。	pay; spend; expenditure
看待	你怎么看待这件事？	look upon; regard; treat
刊登	这篇文章刊登在报纸上。	publish; carry
砍伐	不要乱砍伐树木。	to hew
侃侃而谈	他在台上侃侃而谈。	to speak frankly with assurance
勘探	他们在勘探石油。	prospect; reconnaissance
刊物	这是一本学术刊物。	publication; journal; periodical
扛	他扛着一袋米。	lift with both hands; carry on the shoulder
慷慨	他为人很慷慨。	vehement; fervent
抗议	他们在抗议。	to protest; object; remonstrate
考察	领导来考察了。	inspect; investigate
考古	他是考古学家。	archaeology
考核	公司对员工进行考核。	examine; appraise; assess
靠拢	请向中间靠拢。	draw close to; approach
考验	这是对我们的考验。	test; trial; ordeal
磕	他磕到了头。	knock; knock something out of a vessel/container etc
刻不容缓	这件事刻不容缓。	admit no delay; of great urgency
可观	这笔数目很可观。	considerable; impressive; sizable
客户	我们要服务好客户。	customer; client
可口	这道菜很可口。	good to eat; tasty
科目	这学期有很多科目。	subject; course
课题	这是一个研究课题。	a question for study or discussion
渴望	他渴望成功。	fall over oneself; dying to; thirst for
可恶	这个人真可恶。	hateful; detestable; loathsome
可行	这个方案可行。	feasible; practicable; workable
克制	他克制住了自己的情绪。	to restrain
啃	他在啃骨头。	gnaw
恳切	他言辞恳切。	earnest; sincere
坑	地上有一个坑。	pit
孔	墙上有一个孔。	hole
空白	这是一片空白。	blank space; gap; margin
恐怖	这很恐怖。	terrifying; horrible; dreadful
空洞	这篇文章内容空洞。	cavity; void; hollow
恐吓	他恐吓我。	threaten; intimidate; menace
恐惧	他感到恐惧。	fear; dread; be afraid of
空前绝后	这是一个空前绝后的壮举。	unsurpassed; never known before and never to occur again
空隙	利用空隙时间休息一下。	interval; gap; space
空想	不要空想，要实干。	daydream; fantasy
空虚	他感到很空虚。	hollow; void
扣	请扣好扣子。	to deduct (money)
口气	他的口气很大。	tone; note
口腔	要注意口腔卫生。	oral cavity; mouth
口头	这只是口头承诺。	oral; verbal; in speech
口音	他有南方口音。	voice
苦尽甘来	苦尽甘来，终于成功了。	all sufferings have their reward; after the bitter comes the sweet
哭泣	她在哭泣。	to weep
苦涩	这个味道很苦涩。	bitter and astringent
枯萎	花枯萎了。	to wilt
枯燥	这本书很枯燥。	dull and dry; uninteresting; monotonous
挎	她挎着一个包。	carry on the arm/over one's shoulder/at one's side
跨	请跨过这个障碍。	step; stride; straddle
快活	孩子们很快活。	happy; cheerful; joyful
宽敞	这间房子很宽敞。	spacious; roomy
款待	他热情款待我们。	entertain with courtesy and warmth
宽容	他为人很宽容。	lenient
款式	这款式很新颖。	model; style; design
筐	这是一筐苹果。	basket; basketful
矿产	这里矿产丰富。	minerals
框架	这是框架结构。	frame
旷课	他旷课了。	play truant; absent from school without permission
况且	况且他也没时间。	moreover; besides; in addition
亏待	不要亏待他。	treat unfairly
亏损	公司这个月亏损了。	loss; deficit
捆绑	他被捆绑了。	truss up; tie up; bind
扩充	扩充队伍。	expand; augment; enlarge
扩散	气味扩散开来。	spread; diffuse; scatter about
扩张	帝国不断扩张。	expand; enlarge; extend
啦	好啦！	[indicates excitement or doubt]
喇叭	这是一个喇叭。	loudspeaker; trumpet; horn
蜡烛	停电了，点上蜡烛吧。	candle
来历	他来历不明。	origin; source; background
来源	这是来源。	source; origin
懒惰	他很懒惰。	lazy; idle
栏目	这是一个新栏目。	the heading or title of a column 
狼狈	他显得很狼狈。	in a difficult position; in a tight corner
狼吞虎咽	他狼吞虎咽地吃着饭。	to wolf down one's food [idiom]
捞	他捞到了一条鱼。	fish for; scoop up; dredge out
唠叨	妈妈很唠叨。	chatter
牢固	这个架子很牢固。	firm; secure
牢骚	他发了一通牢骚。	complaint; grievance
乐趣	读书有很多乐趣。	delight; pleasure
乐意	我乐意帮忙。	be happy to
雷达	这是雷达。	radar
类似	这两件事很类似。	like; similar; analagous
愣	他愣了一下。	absent-minded; distracted; rashly
冷酷	他很冷酷。	unfeeling; callous; grim
冷落	他受到了冷落。	desolate
冷却	让水冷却一下。	cooling; burial
粒	这是一粒米。	granule; pellet; small particle
理睬	请不要理睬他。	pay attention to; show interest in; take notice of
立场	我们要坚定立场。	position; standpoint
里程碑	这是一个里程碑。	milestone
历代	历代皇帝都在这里。	successive dynasties; past dynasties
立方	这是立方米。	cube; cubic
利害	他很利害。	formidable
立交桥	这是一座立交桥。	viaduct; overpass; flyover
礼节	要懂礼节。	courtesy; etiquette; protocol; ceremony
历来	历来如此。	always; constantly
黎明	黎明时分。	dawn; daybreak
力求	我们力求完美。	to make every effort to
礼尚往来	礼尚往来是传统。	fig. return politeness for politeness
理所当然	这是理所当然的。	naturally; in very nature of things; it's only right and proper
力所能及	我会力所能及地帮忙。	do everything in one's power
立体	这是立体电影。	solid; three-dimensional
例外	没有例外。	exception
力争	我们力争上游。	work hard for; do all one can to
理智	他很理智。	reason; intellect
理直气壮	他理直气壮地说。	be bold and straight; be courageous with sufficient reason
立足	我们要立足现实。	have/keep a foothold somewhere
联欢	我们举行了联欢会。	have a get-together
廉洁	他很廉洁。	honest; with clean hands
联络	请保持联络。	communicate; contact; get in touch with
联盟	这是一个联盟。	alliance; coalition; league
连年	连年丰收。	in consecutive years; for years on end
连锁	这是连锁店。	chain
连同	连同这个一起。	together with; along with
联想	他很有联想力。	associate; connect in the mind
晾	他在晾衣服。	dry in the air/sun
谅解	请你谅解我。	understand; make allowance for
良心	他很有良心。	conscience
辽阔	草原很辽阔。	vast; extensive
列举	请列举一下。	list; enumerate
淋	他被雨淋了。	filter; strain
临床	这是临床实验。	clinical
吝啬	他很吝啬。	stingy; miserly; mean
凌晨	凌晨三点。	in the small hours; before dawn
灵感	他有了灵感。	inspiration
领会	我领会了你的意思。	understand; comprehend; grasp
灵魂	教师是人类灵魂的工程师。	soul; spirit
伶俐	她很伶俐。	clever; quick-witted; smart
灵敏	他的反应很灵敏。	sensitive; keen; agile
领事馆	这是领事馆。	consulate
领土	这是中国领土。	territory
领悟	他领悟了道理。	comprehend; grasp; understand
领先	他领先了。	(be in the) lead
零星	零星的小雨。	fragmentary; piecemeal; a small amount
领袖	他是一位领袖。	leader
溜	他溜走了。	swift current; turbulent flow; rainwater from the roof; plaster
流浪	他在流浪。	roam about; lead a vagrant life
留恋	他很留恋这里。	be reluctant to leave; can't bear to part
流露	他流露出真情。	reveal; betray; show unintentionally
流氓	他是个流氓。	rogue; hoodlum; ruffian
留念	拍照留念。	accept as a souvenir
留神	请留神。	be careful; take care; keep one's eyes peeled
流通	空气流通。	circulate
垄断	他垄断了市场。	monopolise; forestall
聋哑	他是聋哑人。	deaf and dumb; deaf-mute
笼罩	大雾笼罩着城市。	envelop; shroud
隆重	这是一个隆重的仪式。	grand; solemn; ceremonious
搂	他搂着孩子。	gather up; rake together; hold up
屡次	他屡次犯错。	time and again; repeatedly
履行	请履行诺言。	perform; fulfil; carry out
炉灶	这是炉灶。	(kitchen/cooking) range
掠夺	敌人掠夺了财物。	plunder; rob; pillage
轮船	这是一艘轮船。	(steam) ship
轮廓	这是轮廓图。	outline; contour profile
轮胎	汽车的轮胎坏了。	tyre
论坛	这是一个论坛。	forum
论证	这是论证报告。	demonstration; proof
落成	大楼落成了。	completion
落实	我们要落实政策。	practicable; workable
啰唆	他说话很啰唆。	talkative; long-winded; fussy
络绎不绝	行人络绎不绝。	come and go in a continuous  stream
嘛	好嘛。	[indicates that something is obvious; calls for the listener's attention]
麻痹	他的手脚麻痹了。	paralysis; palsy
麻木	他的脚麻木了。	numb
码头	船停靠在码头。	wharf; dock; pier
蚂蚁	地上有很多蚂蚁。	ant
麻醉	这是麻醉药。	anaesthesia; narcosis
迈	他迈着大步。	step; stride
脉搏	他的脉搏很快。	pulse
埋伏	敌人在树林里埋伏。	ambush; lie in wait
埋没	他的才华被埋没了。	bury; cover up
埋葬	他被埋葬在这里。	bury
漫长	这是一段漫长的旅程。	very long; endless
漫画	我喜欢看漫画。	cartoon; caricature; comic
慢性	他得了慢性病。	slow in taking effect; chronic
蔓延	火势蔓延开来。	spread; stretch; extend
埋怨	不要埋怨别人。	complain; blame; grumble
忙碌	他每天都很忙碌。	be busy; bustle about; be on the go
茫茫	茫茫大海，一望无际。	boundless; vast
盲目	不要盲目跟风。	blind
茫然	他感到很茫然。	ignorant; vacant; in the dark
冒充	他冒充警察。	pretend to be; pass somebody or something off as
冒犯	不好意思，冒犯了。	to offend
茂盛	这里的树木很茂盛。	luxuriant; flourishing; exuberant
枚	这是一枚邮票。	trunk; horse whip; gag
美观	这个设计很美观。	pleasing to the eye; beautiful
媒介	这是一种传播媒介。	intermediary; medium; vehicle
美满	他们的婚姻很美满。	happy; satisfied; blissful
美妙	这是美妙的音乐。	beautiful; splendid; wonderful
猛烈	风势很猛烈。	fierce; violent; vigorous
萌芽	种子开始萌芽了。	sprout; shoot; bud
眯	他眯着眼睛看东西。	get into one's eyes
弥补	我要弥补我的过错。	make up; remedy; make good
密度	这里的人口密度很大。	density; thickness
密封	请把罐子密封好。	seal (eg. airtight; hermetically)
迷惑	他感到很迷惑。	puzzle; confuse; perplex
弥漫	烟雾弥漫开来。	suffuse; pervade; fill the air
迷人	这里的风景很迷人。	charming; fascinating; enchanting
迷信	不要迷信。	superstition
谜语	你能猜出这个谜语吗？	riddle; conundrum
免得	早点出发，免得迟到。	so as not to; so as to avoid
棉花	这是棉花做的。	cotton
勉励	老师勉励我们努力学习。	encourage
面貌	他的面貌焕然一新。	face; features; looks
勉强	他勉强答应了。	manage with an effort; do with difficulty
免疫	他对这种病有免疫力。	immunisation
面子	他很爱面子。	face; reputation
描绘	这幅画描绘了美丽的风景。	describe; display; depict
藐视	不要藐视别人。	look down on
渺小	个人的力量是渺小的。	tiny; negligible; insignificant
瞄准	他瞄准了目标。	
	to aim (a weapon at a target)
蔑视	他蔑视权贵。	despise; show contempt for; scorn
灭亡	不进步就会灭亡。	be destroyed; become extinct; die out
民间	这是民间传说。	among the people; popular; folk
敏捷	他的反应很敏捷。	quick; nimble; agile
敏锐	他的眼光很敏锐。	sharp; acute; keen
民主	我们要发扬民主。	democracy
名次	他的名次很靠前。	placing (eg in a competition); ranking
名额	这个名额给你吧。	quota (of people); [the number of people assigned or allowed] 
名副其实	他是名副其实的专家。	be worthy of the name; be worthy of one's reputation
明明	他明明知道，却不说。	obviously; undoubtedly; plainly
命名	这座桥以他的名字命名。	nominate; nomenclature
名誉	名誉很重要。	fame; reputation; honorary
明智	这是一个明智的决定。	sensible
膜	这是细胞膜。	membrane; film; thin coating
摩擦	摩擦力很大。	rub; chafe; friction
模范	他是劳动模范。	an exemplary person or thing; model; fine example
魔鬼	这是一个魔鬼。	devil; demon; monster
磨合	他们需要磨合一下。	grinding-in
莫名其妙	他莫名其妙地生气了。	be baffled; be in a fog
默默	他默默地工作。	quietly; silently
抹杀	不要抹杀他的功劳。	blot out; obliterate; write off
模式	这是一种模式。	model; mode; type
魔术	他会变魔术。	magic
墨水儿	我的墨水儿用完了。	ink
摸索	他在黑暗中摸索。	grope; feel about; fumble
模型	这是一个模型。	model; pattern; mould
谋求	我们谋求发展。	seek; strive for
目睹	我目睹了这一切。	see with one's own eyes; witness
目光	他的目光很锐利。	sight; vision; view
模样	他的模样很可爱。	appearance; look
母语	中文是我的母语。	mother tongue
沐浴	他沐浴在阳光下。	have a bath
纳闷儿	我很纳闷儿，他怎么没来？	feel puzzled; be perplexed
拿手	这是他的拿手好戏。	adept; expert; good at
耐用	这个东西很耐用。	durable; stand wear and tear
难得	这是难得的机会。	hard to come by; rare
难堪	他感到很难堪。	intolerable; unbearable
难能可贵	这种精神难能可贵。	deserving praise for one's excellent performance or behaviour; estimable
南辕北辙	这样做简直是南辕北辙。	
	to act in a way that defeats one's purpose [idiom]
恼火	他很恼火。	annoyed; irritated; vexed
内涵	这篇文章很有内涵。	connotation; implication
内幕	这是内幕消息。	what goes on behind the scenes; inside story
内在	我们要注重内在美。	inherent; intrinsic
能量	他充满了能量。	amount of energy
拟定	我们拟定了一个计划。	draft; draw up; work out
逆行	不要逆行。	go against one-way traffic
年度	这是年度报告。	year
捏	他捏了一下我的脸。	hold between the fingers; pinch
拧	请把盖子拧紧。	twist; wring; tweak
凝固	液体凝固了。	solidify
凝聚	大家凝聚在一起。	condense; coagulate; accumulate
宁肯	我宁肯不去。	would rather
凝视	他凝视着远方。	stare; gaze fixedly
宁愿	我宁愿在家。	would rather; better
纽扣儿	这件衣服的纽扣儿掉了。	button
扭转	他扭转了局面。	turn round; reverse
浓厚	兴趣很浓厚。	dense; deep; strong
农历	今天是农历十五。	[the traditional Chinese (agricultural/lunar) calendar]
奴隶	他不想做奴隶。	slave
虐待	虐待儿童是违法的。	maltreat; ill-treat; tyrannise
挪	请把桌子挪一下。	move; shift
哦	哦，我明白了。	softly chant
殴打	他被殴打了。	beat up; hit
呕吐	他呕吐了。	vomit; throw up; retch
偶像	他是我的偶像。	idol
趴	他趴在桌子上睡觉。	lie on one's stomach
派别	这是不同的派别。	faction; category
排斥	不要排斥别人。	repel; exclude; eject
排除	我们要排除困难。	get rid of; remove; eliminate
排放	工厂排放废气。	discharge; issue
徘徊	他在门口徘徊。	pace up and down; linger about; hesitate
排练	他们在排练节目。	rehearse
派遣	公司派遣他去出差。	send someone on mission; dispatch
畔	湖畔有很多人。	side; bank; boundary
攀登	他们在攀登高山。	climb; clamber; scale
判决	法院做出了判决。	court decision; judgment
盘旋	飞机在空中盘旋。	circle (around); spiral
庞大	这是一个庞大的工程。	huge; enormous; massive
泡沫	这是泡沫。	foam; froth
抛弃	不要抛弃朋友。	throw away; abandon; forsake
配备	学校配备了很多设备。	allocate; provide; fit out
配偶	他的配偶是医生。	spouse; partner; mate
配套	这是配套设施。	form a complete set; complement
培育	学校培育了很多人才。	cultivate; foster; raise
盆地	这是一个盆地。	basin; saucer; bowl
捧	他捧着一束花。	hold or carry in both hands; boost; exalt
烹饪	他很会烹饪。	cooking; culinary art
劈	他在劈柴。	split; chop; cleave
疲惫	他很疲惫。	tired out; weary; exhausted
批发	这是批发市场。	wholesale; be authorised for dispatch
皮革	这是皮革制品。	leather; hide
屁股	他的屁股疼。	buttocks; bottom; behind
疲倦	他感到很疲倦。	tired; weary; fatigued
批判	我们要批判错误思想。	criticise; repudiate; critique
譬如	譬如说，他很努力。	for example; for instance; such as
偏差	这有偏差。	deviation; offset; deflection
片断	这是片断回忆。	segment
偏见	他有偏见。	prejudice; bias
片刻	稍等片刻。	an instant; a moment; a little while
偏僻	这个地方很偏僻。	remote; out-of-the-way; far-off
偏偏	偏偏他不在家。	deliberately; just; only
漂浮	树叶漂浮在水面上。	float; superficial
飘扬	国旗飘扬。	wave; flutter; fly
撇	他撇了撇嘴。	to throw
拼搏	他努力拼搏。	go all out in work; combat
品尝	请品尝一下这道菜。	taste; sample
品德	他的品德高尚。	moral character; morality
贫乏	知识贫乏。	poor; meagre
频繁	他频繁地来。	frequently; often
贫困	他很贫困。	impoverished; poverty-stricken
频率	频率很高。	frequency; rate
拼命	他拼命地工作。	risk one's life; desperately
品质	这个产品品质很好。	character; quality
品种	这是新品种。	breed; strain; variety
平凡	他很平凡。	ordinary; common
评估	这是评估报告。	estimate; assess; appraise
评论	这篇评论很精彩。	comment on; discuss
平面	这是一个平面图形。	plane; flat surface
屏幕	电脑屏幕很亮。	screen
平坦	这条路很平坦。	even; smooth; level
平行	这两条线是平行的。	on an equal footing; parallel; simultaneous
平庸	他很平庸。	mediocre, common place
平原	这是一片平原。	plain; flatlands
屏障	这是一道屏障。	protective screen
坡	这是一个山坡。	slope; slanting
泼	他泼了我一身水。	sprinkle; splash
颇	他颇有名气。	inclined to one side; oblique; quite
迫不及待	他迫不及待地想知道。	unable to hold oneself back; in haste
迫害	他受到了迫害。	persecute; oppress cruelly
魄力	他很有魄力。	daring; courage
破例	这次破例一次。	break a rule; make an exception
扑	他扑了过去。	dedicate all one's energies to a cause
铺	请把床单铺好。	spread; display; bed
瀑布	这是一个瀑布。	waterfall; falls
普及	普及教育。	popularise; disseminate;  universal
朴实	他很朴实。	simple; plain
朴素	他的穿着很朴素。	simple; plain
器材	这是体育器材。	equipment; material; apparatus
起草	他在起草文件。	draft; draw up; write out
启程	我们启程了。	set out; start on a journey
起初	起初我不同意。	originally; at first; in the beginning
欺负	不要欺负小孩子。	browbeat; take advantage of; pick on
起伏	山峦起伏。	rise and fall; ups and downs; undulate
乞丐	他是一个乞丐。	beggar 
气概	他很有气概。	mettle; spirit; heroic manner
气功	他在练气功。	qigong [a system of deep breathing exercises; breathing technique]
器官	这是人体器官。	organ; apparatus
起哄	他们在起哄。	gather together to stir up trouble
迄今为止	迄今为止，一切顺利。	to this day; thus far; so far
凄凉	这里很凄凉。	dreary; desolate; gloomy and forlorn
起码	这起码要三天。	elementary; rudimentary
启蒙	这是启蒙教育。	enlightened
奇妙	这是一个奇妙的想法。	marvellous; wonderful; intriguing
旗袍	她穿着旗袍。	chi-pao/cheongsam [a close-fitting woman's dress with high neck and slit skirt]
欺骗	他欺骗了我。	cheat; deceive; defraud
气魄	他很有气魄。	boldness of vision; daring; courage
齐全	东西很齐全。	complete; ready
气色	他的气色很好。	complexion; colour
歧视	不要歧视别人。	discriminate against
启事	这是一则启事。	notice; announcement
启示	这给了我启示。	inspiration; enlightenment; revelation
气势	气势磅礴。	momentum; imposing manner
企图	他企图逃跑。	attempt; seek; try
期望	父母对我期望很高。	hope; expectation; wish
气味	这气味很难闻。	smell; odour; flavour
期限	期限到了。	time limit; allotted time; deadline
气象	这是气象站。	meteorology; atmosphere
齐心协力	大家齐心协力。	make a concerted effort
气压	气压很低。	pressure; atmospheric pressure; gas pressure
岂有此理	岂有此理！	there is no such a rule; absurd
起源	这是人类的起源。	origin; beginning
旗帜	这是一面旗帜。	banner; flag; colours
气质	她很有气质。	manners
掐	他掐了我一下。	pinch; nip; clutch
恰当	这个词用得很恰当。	suitable; fitting; appropriate
恰到好处	这恰到好处。	be just perfect; be to the point; just right
恰巧	真恰巧，我也在。	fortunately; as chance would have it
洽谈	他们在洽谈业务。	make arrangements with; talk over with
牵	他牵着孩子的手。	to lead along; to pull; implicate
牵扯	这件事牵扯到很多人。	involve; implicate; drag into
千方百计	他千方百计想成功。	make every attempt to; use every means to
前景	前景很好。	foreground; prospect; vista
迁就	不要迁就他。	yield to; give in to
潜力	他很有潜力。	latent capacity; potential
签署	他签署了合同。	sign (an agreement)
潜水	他在潜水。	go under water; dive; ground water
前提	这是前提条件。	premise
迁徙	候鸟迁徙了。	move; migrate
谦逊	他很谦逊。	modest; unassuming
潜移默化	这是潜移默化的影响。	exert a subtle influence on somebody's character
谴责	大家都谴责他的行为。	condemn; blame; denounce
牵制	牵制敌人。	pin down; tie up
抢劫	他抢劫了银行。	rob; loot; plunder
抢救	医生在抢救病人。	rescue; save; salvage
强迫	不要强迫别人。	force; compel; impel
强制	这是强制执行。	force; compel; coerce
翘	他翘起了尾巴。	stick up; bend upwards; curl up
桥梁	这是一座桥梁。	bridge; approach
窍门	这是一个窍门。	a trick
锲而不舍	他锲而不舍地努力。	keep on chipping away; work with perseverance
切实	这是切实可行的。	practical; feasible; realistic
侵犯	不要侵犯别人的权利。	encroach on; infringe upon
勤俭	他很勤俭。	hardworking and thrifty
勤劳	他很勤劳。	diligent; industrious; hardworking
侵略	我们反对侵略战争。	invade; aggress
亲密	他们很亲密。	intimate
钦佩	我很钦佩他。	admire; respect; think highly of
亲热	他们很亲热。	warm; affectionate
情报	这是情报。	intelligence; information
清澈	河水很清澈。	clear; limpid
清晨	清晨的空气很好。	early morning
清除	清除障碍。	clean up; purge; reset
请柬	这是一张请柬。	invitation card
请教	请多多请教。	ask for advice; consult
清洁	请保持清洁。	clean
情节	这个故事的情节很曲折。	plot; story; details of a case
晴朗	天气很晴朗。	fine and cloudless
清理	请把房间清理一下。	put in order; disentangle
情理	这在情理之中。	reason; sense
请示	这件事需要请示领导。	request/ask for instructions
请帖	我收到了婚礼请帖。	invitation (card)
倾听	我们要学会倾听。	listen for; listen attentively to
清晰	照片很清晰。	vivid; distinct; clear
倾向	他有这种倾向。	be inclined to; prefer
倾斜	这面墙有点倾斜。	bias; tilt; lean
清醒	他头脑很清醒。	clear-headed; sober; come to/round
情形	情形不太乐观。	circumstances; situation; state of affairs
清真	这是一家清真餐厅。	Islamic; Muslim
丘陵	这里有很多丘陵。	hills
渠道	这是销售渠道。	irrigation ditch; canal; channel
取缔	政府取缔了非法组织。	ban; prohibit; forbid
区分	请区分这两个概念。	discriminate; differentiate; make a distinction between
屈服	他屈服于压力。	surrender; yield
趣味	这本书很有趣味。	interest; delight
区域	这是一个区域。	area; reach; domain
曲折	道路很曲折。	circuitous; intricate; tortuous
驱逐	他被驱逐出境。	drive out; expel; banish
曲子	这是一首好听的曲子。	tune; melody
犬	这是一只犬。	dog
权衡	我们要权衡利弊。	judge; weigh and consider
全局	我们要顾全大局。	situation as a whole
全力以赴	我们要全力以赴。	devote every effort to
圈套	这是一个圈套。	snare; trap
拳头	他握紧了拳头。	fist
权威	他是权威专家。	authority
瘸	他的腿瘸了。	be lame; limp
确保	我们要确保安全。	ensure; guarantee
缺口	墙上有一个缺口。	breach; gap; loophole
确立	我们要确立目标。	establish
确切	这个消息确切吗？	definite; exact; precise
缺席	他今天缺席了。	absent
缺陷	这个产品有缺陷。	defect; fault
确信	我确信他会来。	firmly believe; be convinced; be sure
群众	群众的眼睛是雪亮的。	the masses; general public; the common people
染	衣服被染了色。	dye; acquire; soil
嚷	他在大声嚷嚷。	to shout; blurt out; make a noise
让步	双方都做出了让步。	to concede; compromise
扰乱	不要扰乱秩序。	harass; disturb; cause havoc
饶恕	请饶恕我吧。	forgive; pardon; excuse
惹祸	他又惹祸了。	court disaster; stir up trouble
热泪盈眶	她感动得热泪盈眶。	tears welled up in one's eyes
热门	这是一个热门话题。	in great demand; hot topic
仁慈	他为人很仁慈。	benevolent; merciful; kind
人道	这是人道主义援助。	humanity; human sympathy
认定	他被认定为责任人。	firmly believe; affirm; maintain
人格	他的人格很高尚。	personality; character
人工	这是人工制造的。	man-made; artificial
人家	人家都走了。	other; another
人间	人间自有真情在。	the (human) world
认可	他的努力得到了认可。	approve; accept; confirm
任命	他被任命为经理。	appoint; commission; designate
忍耐	他很能忍耐。	exercise patience; restrain oneself; be tolerant of
人士	各界人士都参加了。	public figure; personage
忍受	他忍受着痛苦。	bear; undergo; suffer
人为	这是人为造成的。	artificial; man-made
人性	这是人性的弱点。	human feelings; reason
任性	他太任性了。	capricious; willful
任意	你可以任意选择。	wantonly; wilfully
人质	他被当成人质。	hostage
任重道远	我们任重道远。	take a heavy burden and embark on a long road; ability to carry heavy responsibilities through thick and thin; It is a long-term; arduous task; It is an arduous task and the road is long
仍旧	他仍旧坚持自己的观点。	remain the same; continue to be; as before
日新月异	科技发展日新月异。	change rapidly; alter from day to day
日益	环境日益恶化。	increasingly; more and more; with each passing day
融化	冰雪融化了。	melt; thaw
溶解	盐溶解在水里。	dissolve; solution
容貌	她的容貌很美丽。	appearance; looks
容纳	这个大厅能容纳很多人。	hold; contain; accommodate
容器	这是一个容器。	container; holder; pack
融洽	他们的关系很融洽。	harmonious; on friendly terms
容忍	他能容忍别人的缺点。	tolerate; put up with
荣幸	我很荣幸能参加。	honoured
荣誉	这是一种荣誉。	honour; glory
揉	他揉了揉眼睛。	rub
柔和	光线很柔和。	soft; gentle; mild
儒家	这是儒家思想。	Confucianism
弱点	每个人都有弱点。	weakness; weak point; failing
若干	还有若干问题。	a certain number or amount
撒谎	不要撒谎。	tell a lie; make up a story
散布	不要散布谣言。	go for a walk
散发	花儿散发着香气。	send out; diffuse; emit
散文	他喜欢写散文。	prose; essay
丧失	他丧失了信心。	lose; forfeit
骚扰	他被骚扰了。	to disturb
嫂子	我的嫂子很温柔。	sister-in-law [elder brother's wife]
啥	你说啥？	what
刹车	请踩刹车。	put on the brake; stop a machine
筛选	我们要筛选人才。	filter; screen; preparation by screening
擅长	他擅长画画。	be good at; be expert in; be skilled in
山脉	这里有很多山脉。	mountain range
闪烁	星星在闪烁。	twinkle; glimmer; glisten
擅自	不要擅自做主。	do something without authorization; take a liberty
商标	这是注册商标。	trademark; brand
上级	上级领导来了。	high level; higher-ups
上进	他很上进。	[fig.] be ambitious to improve oneself
伤脑筋	这件事很伤脑筋。	cause somebody a headache; bothersome
尚且	他尚且如此，何况别人。	[with negative] not even, let alone
上任	他新官上任。	take up an official post; assume office
上瘾	他玩游戏上瘾了。	to be addicted (to something)
上游	这是河流的上游。	head waters; upper reaches (of a river); advanced position
梢	树梢上有一只鸟。	tip; the thin end of a twig; etc
捎	请捎个信给他。	drive backwards; back
哨	他吹了一声哨。	sentry; whistle; chirp
奢侈	他生活很奢侈。	luxurious; extravagant
涉及	这件事涉及很多人。	involve; relate to; refer to
设立	学校设立了奖学金。	establish; set up; found
社区	这是一个社区。	community (district)
摄氏度	今天气温25摄氏度。	degree Celsius/centigrade
舌头	他的舌头受伤了。	tongue
设想	这只是一个设想。	imagine; envisage; conceive
设置	请设置一下参数。	set up; install; fit
深奥	这个道理很深奥。	depth; abstruse; profound
申报	他申报了项目。	report to a higher body
审查	领导正在审查。	examine; investigate; check
深沉	他的感情很深沉。	dark; deep
神经	他的神经很敏感。	nerve; nervous
审理	法院在审理案件。	try; hear [in court]
审美	他的审美眼光很好。	appreciation of beauty
审判	法院正在审判。	bring to trial; try [in court]
神奇	这很神奇。	magical; mystical; miraculous
神气	他很神气。	expression; air; manner
深情厚谊	他们有深情厚谊。	deep friendship
神圣	这是神圣的使命。	sacred; holy
绅士	他是一位绅士。	gentleman; gentry
神态	他的神态很自然。	expression; manner; bearing
渗透	雨水渗透到地下。	osmosis; permeate; seep
神仙	这像神仙一样。	supernatural being; immortal
呻吟	他在呻吟。	groan; moan
慎重	做决定要慎重。	careful; considerate; discreet
盛产	这里盛产水果。	abound in; teem with
牲畜	这是牲畜。	livestock; domestic animals
生存	生存是第一位的。	exist; survive
胜负	胜负已定。	victory or defeat; success or failure
省会	这是省会城市。	provincial capital
生机	这里充满了生机。	lease of life; vitality
盛开	花儿盛开了。	be in full bloom
生理	这是生理现象。	physiology
声明	他发表了声明。	state; declare; announce
盛情	盛情难却。	great kindness; boundless hospitality
声势	声势浩大。	impetus; momentum
生疏	他对这里很生疏。	not familiar; disacquaintance
生态	这是生态环境。	ecology; organism's modes of life and relation to their environment 
生物	地球上有很多生物。	biology; living things; organisms
生效	合同生效了。	come into force; take effect
生肖	这是十二生肖。	animal of the Chinese zodiac
盛行	这种风气很盛行。	be current; be in vogue
生锈	铁生锈了。	get rusty; rust
声誉	这家店声誉很好。	reputation; fame; prestige
生育	她生育了一个孩子。	give birth to; bear
拾	他拾到了一个钱包。	pick up; collect; ten [formal]
势必	这势必会成功。	be bound to; certainly will
识别	请识别一下这个东西。	discriminate; distinguish; discern
时常	他时常来这里。	often; frequently; now and again
世代	这是世代相传的。	generation
时而	他时而高兴，时而难过。	from time to time; sometimes
师范	他毕业于师范大学。	teacher-training
示范	请示范一下。	set an example; demonstrate
释放	他被释放了。	release; deliver; set free
是非	不要搬弄是非。	right and wrong; quarrel; dispute
事故	发生了一起事故。	accident; malfunction; fault
时光	时光飞逝。	time
实惠	这个价格很实惠。	material/tangible benefit
时机	时机成熟了。	opportunity; an opportune moment
事迹	这是他的事迹。	deed; achievement
施加	请施加压力。	exert; bring to bear on; impose
事件	这是一个重大事件。	event; incident
实力	他很有实力。	actual strength
视力	他的视力很好。	vision; sight
势力	他的势力很大。	force; power; influence
使命	这是我们的使命。	mission
视频	我在看视频。	video
失事	飞机失事了。	be involved in a crash
实施	我们要实施这个计划。	put into effect; implement; carry out
时事	他很关心时事。	current events; current affairs
逝世	他逝世了。	pass away; die
实事求是	我们要实事求是。	base on facts; be practical and realistic
事态	事态很严重。	state of affairs; situation
尸体	这是一具尸体。	corpse; dead body; cadaver
试图	他试图逃跑。	to attempt; try
示威	他们在示威游行。	demonstrate; put on a show of force; display one's strength
失误	这是一个失误。	miss; fault
事务	他负责日常事务。	(political; economic) affairs
视线	他的视线模糊了。	line of sight
事项	这是注意事项。	matter; item
实行	我们要实行改革。	put into practice; carry out; implement
试验	这是一次试验。	trial; experiment; test
视野	他的视野很开阔。	field of vision; scan
事业	他的事业很成功。	undertaking; enterprise
适宜	这里适宜居住。	suitable; fit; appropriate; proper
示意	他示意我过去。	signal; hint; give a sign
石油	这里盛产石油。	petroleum; oil
施展	他施展了自己的才华。	put to good use
实质	这是问题的实质。	substance; essence; texture
失踪	那个孩子失踪了。	be missing
十足	他信心十足。	100 per cent; out-and-out; sheer
收藏	他喜欢收藏邮票。	collect; store up
手法	这是一种手法。	skill; technique
守护	他守护着家园。	guard; defend; ward
手势	他做了个手势。	gesture; sign; signal
首饰	她戴了很多首饰。	head ornament
收缩	肌肉收缩了。	contract; shrink; concentrate one's forces
首要	这是首要任务。	of the first importance;chief
收益	收益很高。	income; proceeds; earnings
手艺	他的手艺很好。	workmanship; craftsmanship; handicraft
收音机	我在听收音机。	radio (set)
授予	他被授予了勋章。	award; grant; confer
受罪	他在受罪。	endure hardships
竖	这是竖线。	vertical; upright; perpendicular
束	这是一束花。	bind; tie; bunch; sheaf
舒畅	心情很舒畅。	happy; entirely free from worry
数额	这是数额。	number; amount; quota
书法	他的书法很好。	calligraphy; penmanship
束缚	不要被束缚。	tie; bind up; fetter
疏忽	这是疏忽大意。	carelessness; negligence; oversight
书籍	我喜欢看书。	books; literature
书记	他是书记。	secretary; clerk
树立	我们要树立榜样。	set up; establish; build
书面	这是书面通知。	in written form; in writing
疏远	他们关系疏远了。	become estranged
耍	他在耍花招。	play with; flourish
衰老	他衰老了。	grow old; deteriorate with age
率领	他率领着队伍。	lead; head; command
衰退	经济衰退了。	decline; decay; rust
涮火锅	我们去涮火锅。	eat hot pot
双胞胎	他们是双胞胎。	twins
爽快	他很爽快。	refreshed; comfortable
水利	这是水利工程。	water conservancy; irrigation works
水龙头	水龙头坏了。	stopcock; tap; faucet
水泥	这是水泥地。	cement; concrete
瞬间	瞬间就过去了。	moment
司法	这是司法机关。	administration of justice; judiciary
司令	他是司令。	commander; commanding officer
寺庙	这是一座寺庙。	temple
思念	他思念家乡。	long for; remember fondly; yearn
思索	他在思索问题。	think deeply; ponder; speculate
死亡	他死亡了。	die; death
思维	他的思维很敏捷。	thought; thinking
斯文	他很斯文。	refined; gentle
肆无忌惮	他肆无忌惮地做坏事。	act recklessly without care for anyone else; act outrageously
饲养	他饲养了很多动物。	raise; rear; feed
四肢	他的四肢很发达。	the four limbs [arms and legs]; all fours
私自	他私自拿走了。	privately; secretly
耸	他耸了耸肩。	tower aloft; rise straight up; alarm
艘	这是一艘船。	great boat; ship
俗话	俗话说得好。	common saying; adage
素食	他喜欢吃素食。	vegetarian food
诉讼	他提起了诉讼。	lawsuit; litigation; legal action
苏醒	他终于苏醒了。	revive; regain consciousness; come round
塑造	他塑造了一个经典角色。	model; mould
素质	他的素质很高。	quality
算数	说话要算数。	do sums; count
隧道	这里有一条隧道。	tunnel
随即	他随即就来了。	immediately; presently
随意	请随意坐。	at will; as one pleases; ad lib
岁月	岁月不饶人。	years
损坏	这个东西损坏了。	damage; injure; spoil
索取	他向我索取报酬。	obtain
索性	索性不去了。	might as well; simply
塌	房子塌了。	collapse; cave in; sink
塔	山上有一座塔。	pagoda; tower; minaret
踏实	他做事很踏实。	dependable; steady and sure
泰斗	他是这个领域的泰斗。	a leading authority
台风	台风来了。	typhoon; stage manners
太空	宇航员去了太空。	the firmament; outer space
摊	地上摊着很多书。	to spread out
坦白	他坦白了一切。	honest; frank; candid
探测	他们在探测石油。	survey; sound; probe
瘫痪	他瘫痪了。	paralysis; palsy
贪婪	他很贪婪。	avaricious; greedy; rapacious
叹气	他叹了一口气。	sigh
探索	我们要探索未知。	explore; probe; search
探讨	我们来探讨一下这个问题。	inquire into; probe; investigate
探望	我去医院探望他。	visit; pay a visit to; call on
贪污	他因贪污被判刑。	corruption; embezzle
弹性	这个东西很有弹性。	elasticity; resilience
倘若	倘若明天下雨，我们就不去了。	if, in case
掏	他掏出了钱包。	draw out; pull out; fish out; 
陶瓷	这是陶瓷做的。	ceramics; pottery and porcelain
讨好	他总想讨好别人。	to win favor by fawning on somebody
淘汰	他被淘汰了。	eliminate through selection or competition; weed out
滔滔不绝	他说起话来滔滔不绝。	exhaust oneself by talking
陶醉	他陶醉在音乐中。	to be infatuated with
特长	他的特长是画画。	what one is skilled in; strong point; speciality
特定	这是特定场合。	specially appointed; specially designated
特意	我特意来看你。	for a special purpose
提拔	他被提拔了。	promote
题材	这是一个好题材。	subject matter; theme
体裁	这篇文章的体裁是散文。	form of writing
体积	这个东西体积很大。	volume; bulk
提炼	从矿石中提炼金属。	extract and refine
体谅	请体谅一下他。	show understanding and sympathy for
体面	他穿得很体面。	dignity; propriety; face
提示	请给我一个提示。	point out; prompt
体系	这是一个完整的体系。	system; setup
提议	我提议大家一起去。	propose; suggest; move
舔	小狗舔了舔我的手。	to lick; lap
天才	他是一个天才。	genius; talent; gift
天赋	他很有天赋。	natural gift, talent
田径	他参加了田径比赛。	track and field (athletics)
天伦之乐	一家人享受天伦之乐。	the happiness of a family reunion
天然气	这里通了天然气。	natural gas
天生	他天生就很聪明。	inherent; innate
天堂	这里简直是天堂。	heaven; paradise
天文	他对天文很感兴趣。	astronomy
田野	田野里长满了庄稼。	fields; open country
挑拨	不要挑拨离间。	instigate; incite; foment
调和	他们调和了矛盾。	mediate; reconcile
调剂	这是调剂品。	make up a prescription; adjust; regulate
调节	请调节一下温度。	regulate; adjust; monitor
调解	他们调解了纠纷。	mediate; make peace; arbitrate
条款	这是合同条款。	clause; article; provision
条理	他说话很有条理。	proper arrangement; orderliness
调料	这是做菜的调料。	seasoning; condiment
挑剔	他很挑剔。	nitpick; be hypercritical; be fastidious
挑衅	他在挑衅我。	provoke; defiance
条约	这是一个不平等条约。	convention; treaty; pact
跳跃	孩子们在跳跃。	jump; skip; hop
挺拔	这棵树很高大挺拔。	tall and straight
停泊	船停泊在港口。	anchor; berth; mooring
停顿	他停顿了一下。	stop; halt; pause
停滞	经济停滞不前。	stagnate; bog down; be at a standstill
亭子	公园里有一个亭子。	pavilion; kiosk
铜	这是铜做的。	copper
同胞	我们是同胞。	compatriot; sibling
统筹兼顾	我们要统筹兼顾。	overall planning considering all factors
童话	孩子们喜欢听童话。	children's stories; fairy tales
通货膨胀	通货膨胀很严重。	inflation; expansion of the currency
通缉	他被通缉了。	to order the arrest of somebody as criminal
统计	请统计一下人数。	statistics; numerical statement
通俗	这本书很通俗。	popular; common
统统	统统拿走。	all; completely; entirely
通讯	这是通讯设备。	news report
通用	这是通用货币。	be in common use; be current
同志	同志，你好！	comrade
统治	他统治了这个国家。	rule; dominate; govern
投机	他在投机取巧。	speculate; be opportunistic
透露	他透露了一个秘密。	to reveal
投票	我们来投票表决。	vote
投诉	他投诉了这家店。	complaint
投降	敌人投降了。	surrender; capitulate
投掷	他投掷了一颗手榴弹。	throw; hurl; cast
秃	他的头秃了。	bald; bare; barren
图案	这个图案很漂亮。	pattern; design
徒弟	他收了一个徒弟。	apprentice; disciple
途径	这是解决问题的途径。	road; avenue; way
涂抹	他在涂抹药膏。	daub; smear; paint
突破	我们突破了难关。	break through; surmount
土壤	这里的土壤很肥沃。	soil; ground
团结	我们要团结。	unite; rally
团体	这是一个团体。	organization; group; team
团圆	一家人团圆了。	to have a reunion
推测	我推测他不会来。	infer; conjecture; guess
推翻	他推翻了这个结论。	overthrow; overturn; topple
推理	这是逻辑推理。	inference; reasoning
推论	这是推论。	inference; triangulation
推销	他在推销产品。	market; peddle; sales promotion
吞吞吐吐	他说话吞吞吐吐的。	to hum and haw [idiom]
妥当	这样做很妥当。	well-thought-out; appropriate; proper
脱离	他脱离了组织。	separate oneself from; break away from
唾弃	他被人唾弃。	spurn
妥善	请妥善处理。	appropriate; proper; well arranged
妥协	双方达成了妥协。	come to terms; compromise
拖延	不要拖延时间。	delay; put off; procrastinate
椭圆	这是椭圆形的。	oval; ellipse
托运	这是托运行李。	consign for shipment
哇	哇，好漂亮！	wow
瓦解	敌人瓦解了。	disintegrate; collapse; crumble
挖掘	他们在挖掘宝藏。	excavate; unearth; dig
娃娃	这是一个娃娃。	baby
外表	他的外表很英俊。	outward appearance; exterior
外行	他是外行。	layman; non-professional
外界	外界对此评价很高。	the outside world; outside
歪曲	他歪曲了事实。	distort; misrepresent; twist
外向	他很外向。	extrovert
丸	这是一颗药丸。	pill
完备	设施很完备。	complete; perfect
完毕	会议完毕了。	finish; complete
万分	万分感谢。	very much; extremely
顽固	他很顽固。	obstinate; stubborn; headstrong
挽回	挽回了损失。	retrieve; redeem
挽救	挽救了生命。	save; remedy; rescue
玩弄	他在玩弄花招。	play
顽强	他很顽强。	indomitable; staunch; tenacious
惋惜	我很惋惜。	feel sorry for somebody or about something; to pity
玩意儿	这是什么玩意儿？	plaything; toy
往常	他比往常来得早。	habitually in the past; as one used to do formerly
往事	往事不堪回首。	history; the past
妄想	他妄想成功。	vain hope; wishful thinking
喂	喂，你好！	hello
违背	不要违背诺言。	violate; go against; run counter to
微不足道	这微不足道。	not worth mentioning; insignificant
维持	维持秩序。	keep; maintain; preserve
唯独	唯独他没来。	only; alone
威风	他很威风。	power and prestige
微观	这是微观世界。	microcosmic
维护	维护和平。	maintain
危机	这是金融危机。	crisis; crunch
畏惧	他无所畏惧。	fear; awe; dread
蔚蓝	天空很蔚蓝。	azure
威力	威力很大。	force; power; might
未免	这未免太过分了。	rather; a bit too; truly
为难	他很为难。	feel embarrassed/awkward
为期	为期三天。	by a definite date
维生素	这是维生素。	vitamin
委托	他委托我办事。	entrust; authorize; bail
威望	他的威望很高。	prestige
慰问	领导慰问了群众。	express sympathy and solicitude for
威信	他的威信很高。	prestige
卫星	这是一颗卫星。	satellite; moon
委员	他是委员会委员。	committee member
伪造	他伪造了证件。	counterfeit; forge; falsify
温带	这是温带地区。	temperate zone
温和	他的态度很温和。	lukewarm
文凭	这是大学文凭。	diploma
问世	这本书问世了。	be published; come out
文物	这是珍贵的文物。	cultural relic; historical relic
文献	这是参考文献。	document; literature
文雅	她很文雅。	elegant; refined; cultured
文艺	这是文艺演出。	literature and art
窝	这是鸟窝。	nest; den; lair
无比	他无比兴奋。	incomparable; unparalleled; matchless
务必	请务必来。	must; be sure to
误差	误差很小。	error
无偿	这是无偿服务。	free; gratis
无耻	他很无耻。	shameless; brazen; impudent
舞蹈	她喜欢舞蹈。	dance
无动于衷	他无动于衷。	be completely indifferent; remain completely unmoved
无非	这无非是个借口。	nothing but; no more than; simply
无辜	他是无辜的。	not guilty [law]
乌黑	她的头发乌黑。	jet-black
误解	你误解了我的意思。	misread; misunderstand; misconstrue
无精打采	他无精打采的。	have the blues; be listless
无赖	他是个无赖。	like a rascal or scoundrel
无理取闹	他在无理取闹。	make trouble out of nothing; find fault with somebody for no reason whatsoever
物美价廉	这东西物美价廉。	high quality and inexpensive
污蔑	他污蔑了我。	slander; vilify
无能为力	我无能为力。	helpless; unable to do anything to help
武器	警察带着武器。	weapon; arms
无穷无尽	知识是无穷无尽的。	inexhaustible; boundless; endless
侮辱	不要侮辱别人。	insult; humiliate
无微不至	他照顾得无微不至。	lavish every care on; in every possible way; meticulously
武侠	这是武侠小说。	person adept in martial arts who performs chivalrous deeds 
诬陷	他诬陷了好人。	to frame someone; make a false charge against sb
物业	这是物业公司。	property [real estate]
无忧无虑	他过得无忧无虑。	care-free; without sorrow or anxiety
无知	他很无知。	ignorant
武装	这是武装部队。	arms; military equipment; armed forces
物资	物资很充足。	goods and materials
溪	山脚下有一条小溪。	brook; rivulet; streamlet
细胞	这是细胞。	cell [biology]
媳妇	他的媳妇很贤惠。	wife; daughter-in-law
膝盖	他的膝盖疼。	knee
袭击	敌人袭击了我们。	make a surprise attack on; assault; raid
细菌	这里有很多细菌。	germ; bacterium
系列	这是一个系列产品。	succession; series; set
熄灭	火熄灭了。	extinguish; quench; put out
昔日	昔日的朋友。	in former times; in the past; in the old days
牺牲	他为国家牺牲了。	a beast slaughtered for sacrifice; sacrifice; sacrifice oneself
习俗	这是当地的习俗。	customs; traditions
喜闻乐见	这是喜闻乐见的形式。	be delighted to hear and see
夕阳	夕阳很美。	the setting sun
喜悦	他内心充满喜悦。	happy; joyful
细致	他做事很细致。	careful; meticulous; painstaking
霞	晚霞很美。	rosy clouds; morning or evening glow
狭隘	他的心胸很狭隘。	narrow; parochial
峡谷	这里有一个大峡谷。	gorge; canyon; gulch
下属	他是我的下属。	subordinate; branch
狭窄	这条胡同很狭窄。	narrow; cramped
弦	这是琴弦。	the string of a musical instrument/bow; spring
嫌	他嫌我慢。	suspicion; ill will; resentment
现场	这是事故现场。	scene; site; spot
现成	这是现成的。	ready-made; off the peg
馅儿	这是饺子馅儿。	filling
宪法	这是宪法。	constitution; charter
陷害	他陷害了好人。	frame; make a false charge against; snare
闲话	不要说闲话。	chitchat; digression
贤惠	她很贤惠。	virtuous
衔接	这两个部分衔接得很好。	link up; join; connect
先进	这是先进技术。	advanced
陷阱	这是一个陷阱。	lit. a pit for trapping animals
鲜明	对比很鲜明。	bright; clear-cut; distinct
掀起	掀起了高潮。	lift; raise
先前	先前他来过。	before; previously
陷入	他陷入了困境。	sink into; fall into; land oneself in
线索	这是一条线索。	clue; trail; thread
纤维	这是纤维。	fibre; filament
嫌疑	他有嫌疑。	suspicion
显著	效果很显著。	notable; striking; remarkable
现状	这是现状。	current situation
巷	这是一条小巷。	lane; alley
相差	相差很大。	difference
向导	他是我们的向导。	guide
相等	两者相等。	be equal to
想方设法	他想方设法解决问题。	find ways and means to; in every possible way
相辅相成	两者相辅相成。	complement each other
向来	他向来很努力。	always; all along
响亮	声音很响亮。	loud and clear; resounding; sonorous
镶嵌	戒指上镶嵌着一颗钻石。	inlay; mount; fill in
相声	我喜欢听相声。	comic dialog
向往	他向往着美好的未来。	yearn for; look forward to
相应	我们采取了相应的措施。	corresponding; relevant; work in concert with
响应	大家积极响应号召。	respond; answer
乡镇	这是一个乡镇。	villages and towns
削	他在削苹果。	cut
消除	我们要消除隐患。	eliminate; dispel; clear up
消毒	请对伤口消毒。	disinfect; sterilise
消防	这是消防车。	extinguish and protect; fire control
消耗	他消耗了很多体力。	consume; use up; deplete
销毁	这些文件要销毁。	destroy by melting or burning
消灭	我们要消灭敌人。	perish; die out; annihilate
潇洒	他很潇洒。	natural and unrestrained [of a person's appearance or demeanor]
肖像	这是一幅肖像画。	portrait
小心翼翼	他小心翼翼地走过去。	with great care; be very scrupulous; ; cautiously
效益	经济效益很好。	beneficial result; effectiveness; achievements
效应	这是连锁效应。	effect [scientific phenomenon]
屑	地上有很多纸屑。	scraps; crumbs
携带	请携带好证件。	carry; bring; take along
协会	他加入了协会。	association; society; institute
谢绝	他谢绝了邀请。	close one's doors; refuse; decline
泄露	消息泄露了。	let out; reveal; divulge
泄气	不要泄气。	lose heart; feel discouraged; be disheartened
协商	双方协商解决问题。	consult; talk things over
协调	我们要协调好关系。	coordinate; integrate; harmonize
协议	双方达成了协议。	agree on; understanding; treaty
协助	请协助我完成。	assist; help
新陈代谢	新陈代谢很重要。	the new supersedes the old
心得	这是我的学习心得。	what one has learned from work, study etc
心甘情愿	他心甘情愿地付出。	be delighted to do something [idiom]
信赖	我很信赖他。	trust; count on; have faith in
新郎	新郎很帅。	bridegroom
心灵	心灵美很重要。	soul; intelligent
信念	他有坚定的信念。	faith; belief; conviction
新娘	新娘很漂亮。	bride
辛勤	他辛勤地工作。	industrious; hardworking
薪水	他的薪水很高。	salary; pay; wages
心态	他的心态很好。	mentality; psychology
心疼	妈妈很心疼孩子。	love dearly
欣慰	他感到很欣慰。	be relieved; be gratified
欣欣向荣	事业欣欣向荣。	thriving; flourishing; prosperous
心血	这是他的心血之作。	painstaking care [lit. with the heart's blood]
心眼儿	他心眼儿很多。	heart; mind
信仰	他有自己的信仰。	faith; belief
新颖	这个设计很新颖。	new and original; novel
信誉	这家店信誉很好。	prestige
腥	这鱼有腥味。	raw meat or fish
性感	她很性感。	sexuality; sex appeal
兴高采烈	孩子们兴高采烈。	be jubilant; be in good  spirits; elated
兴隆	生意很兴隆。	booming
性命	这关系到性命。	life
性能	这台机器性能很好。	function; property; nature
刑事	这是刑事案件。	criminal; penal
形态	这是一种形态。	form; shape; pattern
兴旺	家族很兴旺。	prosperous; flourishing; thriving
行政	这是行政部门。	administration
兴致勃勃	他兴致勃勃地听着。	be in high spirits; cheerful and energetic
凶恶	他的样子很凶恶。	fierce; ferocious; malevolent
雄厚	实力很雄厚。	tremendous; rich; abundant
胸怀	他胸怀宽广。	mind; heart; breast
凶手	凶手被抓住了。	murderer; assassin; assailant
胸膛	他挺起胸膛。	breast; thorax; chest
雄伟	这座山很雄伟。	grand; imposing; majestic
汹涌	波涛汹涌。	to surge up violently [of ocean, river, lake etc]
绣	她在绣花。	embroider
羞耻	他感到羞耻。	ashamed
修复	我们要修复关系。	repair; restore; renovate
修建	这里正在修建公路。	build; construct; erect
嗅觉	狗的嗅觉很灵敏。	sense of smell
修养	他很有修养。	accomplishment; training; mastery
虚假	这是虚假信息。	false; sham
酗酒	他酗酒成性。	become drunk and violent
许可	这需要许可。	permit; allow
畜牧	这是畜牧业。	raise livestock
需求	市场需求很大。	need; requirement
虚荣	她很虚荣。	vanity; vain glory
虚伪	他很虚伪。	sham; false; hypocritical
序言	这是书的序言。	introduction; preface; foreword
须知	这是须知事项。	it must be understood that
选拔	我们要选拔人才。	select; choose
悬挂	墙上悬挂着一幅画。	hang; fly; suspend
喧哗	不要大声喧哗。	hubbub
选举	我们要选举代表。	elect; vote
旋律	这是优美的旋律。	melody
悬念	这个故事有悬念。	suspense; be concerned about; miss
宣誓	他宣誓就职。	swear an oath; make a vow; make a pledge
选手	他是一名选手。	an athlete selected for a sports meet; contestant
悬殊	实力悬殊很大。	a wide gap
悬崖峭壁	这里是悬崖峭壁。	precipitous rock faces and sheer cliffs
宣扬	我们要宣扬正能量。	publicise; advocate; advertise
炫耀	他喜欢炫耀。	to show off
旋转	地球在旋转。	revolve; rotate; spin
削弱	我们要削弱敌人。	weaken; cripple
雪上加霜	这真是雪上加霜。	snow plus frost; one disaster after another
学说	这是一种学说。	theory; doctrine
学位	他获得了学位。	academic degree
血压	他的血压很高。	blood pressure
循环	这是血液循环。	circulate; round; repeat
巡逻	警察在巡逻。	(go on) patrol
寻觅	他在寻觅知音。	seek; look for
熏陶	他受到了艺术的熏陶。	exert a gradual uplifting influence on; nurture; edify
循序渐进	学习要循序渐进。	proceed in an orderly way and step by step
亚军	他获得了亚军。	second place; runner-up
压迫	不要压迫别人。	oppress; repress; constrict
鸦雀无声	教室里鸦雀无声。	[lit.] crow and sparrow make no sound; all is quiet [idiom]
压岁钱	我收到了压岁钱。	[money given to children as a lunar New Year gift]
压缩	请压缩文件。	compress; condense; cut down
压抑	他感到很压抑。	constrain; inhibit; hold back
压榨	他压榨工人。	press; squeeze; expression
压制	不要压制不同意见。	suppress; stifle; inhibit
演变	这是历史演变。	develop; evolve
掩盖	他掩盖了事实。	cover; conceal; blanket
眼光	他的眼光很高。	sight; foresight; insight
沿海	这是沿海城市。	along the coast; coastal; littoral
严寒	冬天很严寒。	bitter cold
掩护	他掩护了战友。	shield; screen; cover
烟花爆竹	春节放烟花爆竹。	fireworks
严禁	严禁吸烟。	strictly forbid
严峻	形势很严峻。	stern; severe; grim
严厉	老师很严厉。	stern; severe
言论	言论自由。	opinion on public affairs; expression of one's political views
严密	计划很严密。	tight; close; strict
淹没	村庄被洪水淹没了。	submerge; inundate; drown
延期	会议延期了。	postpone; defer; put off
炎热	夏天很炎热。	scorching; blazing; burning hot
眼色	他使了个眼色。	hint given with the eyes; meaningful glance
延伸	这条路延伸到远方。	extend; elongate; roll out
眼神	她的眼神很温柔。	expression in one's eyes
岩石	这里有很多岩石。	rock
掩饰	他掩饰不住内心的喜悦。	cover up; gloss over; conceal
验收	工程验收了。	check before acceptance
厌恶	他很厌恶这种行为。	detest; abhor; be disgusted with
演习	这是军事演习。	manoeuvre; exercise; drill
延续	这是延续传统。	continue; go on; last
演绎	这是演绎推理。	infer; deduce
验证	请验证一下。	test and verify; check; prove
演奏	他在演奏钢琴。	give a performance (with a musical instrument)
样品	这是样品。	sample; specimen; prototype
氧气	我们需要氧气。	oxygen
摇摆	树枝在风中摇摆。	sway; swing; rock
要点	这是要点。	main points; key points; essentials
摇滚	他喜欢摇滚音乐。	rock (and roll)
遥控	这是遥控器。	remote control
要命	这太要命了。	drive someone to their death
要素	这是关键要素。	essential factor; key element
谣言	不要相信谣言。	rumour; groundless allegation
耀眼	阳光很耀眼。	dazzling
遥远	路途很遥远。	distant; remote; faraway
野蛮	他很野蛮。	uncivilized; savage; barbarous
液体	这是液体。	liquid
野心	他有野心。	wild ambition; careerism
翼	这是鸟的翅膀。	the wing of a bird/aeroplane; etc; flank; assist
亦	他亦同意这个观点。	also; too
以便	请早点来，以便开始。	so that; in order to
遗产	这是文化遗产。	legacy; inheritance; heritage
异常	情况很异常。	unusual; abnormal; anomalous
遗传	这是遗传病。	inherit; hereditary
一度	他一度很消沉。	once; at one time; for a time
一帆风顺	祝你一帆风顺。	have a favorable wind all the way; everything going smoothly
一贯	他一贯很努力。	from beginning to end; consistent; persistent
疑惑	他感到很疑惑。	feel uncertain; not be convinced
依旧	他依旧很努力。	as before; still
依据	这是依据事实。	according to; in the light of; on the basis of
一举两得	这是一举两得的好事。	achieve two things at once; kill two birds with one stone
依靠	他依靠自己。	rely on; depend on
依赖	不要依赖别人。	rely on; be dependent on
毅力	他很有毅力。	willpower; guts; stamina
意料	这出乎我的意料。	expect; anticipate
一流	这是一流的产品。	first-rate; top quality
遗留	这是遗留问题。	leave behind; hand down
以免	请小心，以免受伤。	in order to avoid; so as not to; lest
一目了然	这一目了然。	be immediately obvious; stick out a mile
仪器	这是科学仪器。	instrument; appliance; apparatus
毅然	他毅然决定。	resolutely; firmly; determinedly
一如既往	他一如既往地努力。	as in the past; as ever
衣裳	她穿着漂亮的衣裳。	clothing; clothes
遗失	他遗失了钱包。	lose
仪式	这是一个仪式。	ceremony; rite; function
意识	他意识到了问题。	be conscious of; be aware of; realise
一丝不苟	他做事一丝不苟。	dot the i's and cross the t's
意图	他的意图很明显。	intention; purpose; intent
依托	这是依托优势。	rely on; depend on
以往	以往的经验。	before; formerly; previously; in the past
意味着	这意味着成功。	signify; mean; imply
一向	他一向很准时。	consistently; all along; always (previously)
意向	这是合作意向。	intention; purpose
以致	他太粗心，以致犯错。	so that; with the result that
以至	他太努力，以至忘了吃饭。	down to
意志	他的意志很坚强。	will
隐蔽	这是隐蔽的地方。	take cover; hide; conceal
引导	老师引导学生。	guide; lead; pilot
隐患	这是安全隐患。	hidden trouble/danger
隐瞒	他隐瞒了真相。	conceal; hide; hold back
阴谋	这是一个阴谋。	plot; scheme; conspiracy
引擎	这是汽车引擎。	engine
饮食	要注意饮食健康。	food and drink; diet
隐私	请保护隐私。	conceal; hide; secret
音响	这是音响设备。	sound; acoustics; audio
引用	请引用原文。	quote; cite; recommend
隐约	我隐约听到了声音。	indistinct; faint
应酬	他有很多应酬。	engage in social activities
婴儿	这个婴儿很可爱。	baby; infant
盈利	公司盈利了。	profit; gain
迎面	他迎面走来。	head-on; face to face
英明	他的决定很英明。	wise; brilliant
应邀	他应邀参加了会议。	at somebody's invitation
英勇	他很英勇。	heroic; valiant; courageous
永恒	这是永恒的友谊。	eternal
拥护	大家都拥护他。	support; uphold; endorse
用户	这是用户反馈。	user; subscriber; consumer
庸俗	他很庸俗。	vulgar; philistine; base
涌现	涌现出很多人才。	emerge in large numbers; spring up
拥有	他拥有很多财富。	possess; have; own
勇于	他勇于承担责任。	be brave in; be bold in; have the courage to
踊跃	大家踊跃参加。	jump; skip; hop
诱惑	不要被诱惑。	entice; tempt; lure
油腻	这菜很油腻。	greasy; oily
油漆	这是油漆。	paint; oil colour
犹如	犹如仙境。	just as; like; as if
优胜劣汰	这是优胜劣汰的法则。	survival of the fittest
有条不紊	他做事有条不紊。	all in good order; methodically; systematically
优先	老人优先。	take precedence; prior
优异	成绩优异。	excellent; outstanding
忧郁	他很忧郁。	melancholy; heavy-hearted; dejected
优越	条件很优越。	superior; advantageous
幼稚	他很幼稚。	young; childish
愈	他的病愈来愈好。	heal; recover; increasingly
玉	这是一块玉。	jade
愚蠢	他的做法很愚蠢。	stupid; foolish; silly
预料	这出乎我的预料。	expect; predict
舆论	舆论压力很大。	public opinion
愚昧	他很愚昧。	fatuous; ignorant
渔民	他是一名渔民。	fisherman
预期	这超出了预期。	expect; anticipate
与日俱增	他的名气与日俱增。	grow with each passing day
羽绒服	我买了一件羽绒服。	down-filled coat
预算	这是项目预算。	budget
欲望	人的欲望是无穷的。	desire; wish
预先	请预先准备好。	in advance; beforehand
预言	他的预言成真了。	prophesy; predict; foretell
寓言	这是一则寓言故事。	fable; allegory; parable
预兆	这是一个不好的预兆。	omen; sign; harbinger
宇宙	宇宙很大。	universe; cosmos
原告	原告起诉了他。	plaintiff; complainant
缘故	这是什么缘故？	cause; reason
原理	这是物理原理。	principle; tenet; axiom
园林	这是一座园林。	gardens; park
圆满	会议圆满结束。	perfect; satisfactory
源泉	这是力量的源泉。	fountain; source
原始	这是原始森林。	original; firsthand; primitive
元首	这是国家元首。	head of a state; chief executive
元素	这是化学元素。	element
冤枉	他被冤枉了。	wrong; treat unjustly
原先	原先我不同意。	former; original
元宵节	元宵节快乐！	Lantern Festival
岳母	我的岳母很慈祥。	mother-in-law
乐谱	这是乐谱。	music score
约束	我们要约束自己。	keep within bounds; restrain
熨	他在熨衣服。	iron; press
蕴藏	这里蕴藏着丰富的资源。	hold in store; contain
酝酿	计划正在酝酿中。	brew; ferment
运算	这是数学运算。	operation; arithmetic
运行	机器运行正常。	move; be in motion; run
孕育	大地孕育着生命。	be pregnant
砸	他砸了窗户。	pound; tamp; crush
咋	你咋不来？	how; why [dialect for 怎么]
杂技	我喜欢看杂技。	acrobatics
杂交	这是杂交水稻。	hybridise; cross breed
宰	他在宰羊。	slaughter; butcher
再接再厉	希望你再接再厉。	redouble your efforts
灾难	这是一场灾难。	calamity; disaster; catastrophe
栽培	这是人工栽培的。	cultivate; grow; plant
在意	他很在意这件事。	take notice of; care about; mind; take to heart
攒	他攒了很多钱。	collect together; assemble
暂且	暂且这样吧。	for the time being; for the moment
赞叹	大家都赞叹不已。	gasp in admiration; highly praise
赞助	他赞助了这个项目。	support; sponsor; donate money to assist
遭受	他遭受了打击。	suffer; be subjected to; sustain
糟蹋	不要糟蹋粮食。	waste; ruin; spoil
造型	这个造型很独特。	modelling; profiling; mouldmaking
遭殃	老百姓遭殃了。	suffer (disaster)
噪音	这里噪音很大。	noise; undesired sound
遭遇	他遭遇了不幸。	meet with; encounter; run up against
责怪	不要责怪他。	blame
贼	他是一个贼。	thief; traitor; extremely
赠送	他赠送了我一本书。	give as a present; present as a gift
增添	这增添了乐趣。	add
扎	他扎了个辫子。	prick; stab
渣	杯子里有很多渣。	dregs; residue; sediment
眨	他眨了眨眼睛。	blink; wink
诈骗	他因诈骗被抓。	defraud; swindle
扎实	他的基础很扎实。	sturdy; strong
债券	这是政府债券。	bond; debenture
摘要	这是文章摘要。	summary; abstract
斩钉截铁	他斩钉截铁地说。	resolute and decisive; categorical
战斗	这是一场激烈的战斗。	fight; battle; combat
沾光	他沾光了。	benefit from association with somebody or something
占据	敌人占据了高地。	occupy; take over; colonise
占领	我军占领了阵地。	capture; occupy; seize
战略	这是战略部署。	strategy
展示	他展示了自己的作品。	open up before one's eyes
战术	这是战术安排。	tactics
展望	展望未来。	look into the distance
展现	他展现了才华。	unfold before one's eyes; emerge
崭新	这是一本崭新的书。	brand-new
瞻仰	我们瞻仰了纪念碑。	look at with reverence
战役	这是一场著名的战役。	campaign; battle
障碍	这是前进的障碍。	hinder; obstruct; bar
章程	这是公司章程。	regulations; constitution; statutes
帐篷	我们搭了个帐篷。	tent
招标	这个项目要招标。	invite bids
着迷	他对游戏着迷。	be fascinated; be captivated
朝气蓬勃	年轻人朝气蓬勃。	full of vigour and vitality
招收	学校招收新生。	recruit; take in
照样	他照样不来。	after a pattern or model
照耀	阳光照耀着大地。	shine; illuminate; enlighten
沼泽	这里是沼泽地。	marsh; swamp; bog
折	他把纸折了起来。	break; snap; lose money in business
遮挡	大树遮挡了阳光。	shelter from; keep out
折磨	他受尽了折磨。	cause suffering; torment; affliction
折腾	他折腾了一晚上。	turn from side to side; toss about
阵地	战士们坚守阵地。	battle field; front
镇定	他表现得很镇定。	cool; composed; unperturbed
振奋	这个消息令人振奋。	rouse oneself; be inspired with enthusiasm
珍贵	这是珍贵的礼物。	valuable; precious; rare
震撼	这个消息震撼了所有人。	to shock
震惊	他感到很震惊。	shock; amaze; astonish
镇静	他保持镇静。	calm; composed; unruffled
真理	我们要追求真理。	truth
阵容	这个阵容很强大。	battle array; battle formation
侦探	他是一名侦探。	detective; spy
枕头	这是一个枕头。	pillow
珍稀	这是珍稀动物。	precious; valuable and rare
真相	真相大白了。	truth; the actual state of affairs
振兴	我们要振兴中华。	cause to prosper; promote; re-energize
真挚	他的感情很真挚。	sincere; genuine; cordial
珍珠	这是一颗珍珠。	pearl
斟酌	请斟酌一下。	consider; deliberate; think over
政策	这是新政策。	policy
正当	这是正当防卫。	just when; timely
争端	这是国际争端。	dispute; bone of contention
整顿	我们要整顿作风。	rectify; consolidate; reorganise
争夺	他们在争夺冠军。	fight for; vie with somebody for something
蒸发	水蒸发了。	evaporate
征服	他征服了困难。	conquer; subjugate
正负	这是正负电荷。	plus and minus
正规	这是正规军。	regular; standard; normal
正经	他很正经。	decent; respectable; honest
争气	他很争气。	try to make a good showing; try to win credit
正气	他一身正气。	healthy atmosphere
政权	这是国家政权。	political power; regime
证实	这个消息被证实了。	authenticate; corroborate; affirm
征收	征收税款。	levy; collect; impose
证书	这是毕业证书。	certificate; credentials
争先恐后	大家争先恐后。	falling over each other; in a mad rush to be first
争议	这是一个争议。	controversy
正义	正义终将战胜邪恶。	just; righteous; proper
正月	这是正月。	the first month of the lunar year
挣扎	他挣扎着站起来。	struggle
郑重	他郑重地宣布。	serious; solemn; earnest
症状	这是感冒的症状。	symptom
正宗	这是正宗的。	orthodox school, genuine
枝	这是树枝。	branch; twig
治安	治安很好。	public order; public security
值班	他今天值班。	be on duty
指标	这是指标。	target; quota; norm
直播	这是直播。	direct broadcast; live telecast
制裁	这是经济制裁。	sanction; punish
支撑	这根柱子支撑着屋顶。	prop up; sustain; support
支出	这是本月的支出。	pay; disburse; expenses
致辞	他在致辞。	make a speech; address
指定	请指定一个人。	appoint; assign; allocate
脂肪	这是脂肪。	fat [biology]
制服	这是制服。	uniform
之际	在这之际。	during
指甲	他的指甲很长。	fingernail
直径	这是直径。	calibre
知觉	他失去了知觉。	consciousness; perception
治理	我们要治理污染。	administer; govern; run
智力	他的智力很高。	intelligence; mentality; intellect
致力	他致力于教育事业。	to work for
指令	这是指令。	instruct; order; direct
支流	这是支流。	tributary; effluent
滞留	他滞留在这里。	be detained; be held up
殖民地	这是殖民地。	colony
指南针	这是指南针。	compass
职能	这是职能部门。	function
智能	这是智能手机。	intellect; intelligence; brain power
支配	他支配着这笔钱。	allocate; budget
志气	他很有志气。	aspiration; ambition
智商	他的智商很高。	IQ [Intelligence Quotient]
指示	领导给了指示。	indicate; point out; directive
致使	这致使他失败了。	cause; result in; bring about
指望	别指望他了。	look to; count on; look forward to
职位	这是一个职位。	position; post
职务	他的职务是经理。	post; duties; job
执行	请执行命令。	carry out; execute; implement
支援	支援灾区。	support; assist; aid
制约	这制约了发展。	restrict; constraint; restraint
指责	他指责我做错了。	censure; criticise; find fault with
制止	请制止他。	restrain; check; repress
支柱	这是支柱产业。	pillar; support; prop
执着	他很执着。	persistence
侄子	他是我的侄子。	nephew
知足常乐	知足常乐。	contentment is happiness
忠诚	他很忠诚。	loyal; faithful; staunch
终点	这是终点站。	finishing point; destination
中断	通讯中断了。	suspend; cut short; break off; discontinue
终究	终究会成功的。	eventually; in the end; after all
中立	他保持中立。	neutral
肿瘤	这是一个肿瘤。	tumour
终身	这是终身大事。	lifelong
忠实	他很忠实。	true; faithful; loyal; reliable
众所周知	众所周知，他很努力。	as everyone knows
衷心	衷心感谢。	heartfelt; wholehearted; sincere
重心	这是重心。	heart; core; key point
中央	这是中央政府。	central
终止	合同终止了。	stop; suspend; terminate
种植	他在种植蔬菜。	to plant
种子	春天是播种的季节。	seed; germ
种族	这是种族歧视。	race
州	这是一个州。	[an ancient administrative division]; prefecture
粥	我喜欢喝粥。	congee [rice porridge]
舟	这是一叶扁舟。	boat
周边	周边地区。	perimeter; periphery
周密	计划很周密。	careful; thorough
周年	这是十周年纪念。	anniversary
周期	这是一个周期。	period; cycle
皱纹	他脸上有很多皱纹。	wrinkle; crease; ruffle
昼夜	昼夜不停。	day and night; round the clock
周折	费了很多周折。	twists and turns; setbacks
周转	资金周转。	turnover; have enough to meet the need
株	这是一株花。	root and stem of a tree; individual plant; plant
拄	他拄着拐杖。	lean on
主办	这是主办方。	host; hold; organise (event)
主导	他主导了这个项目。	lead; dominant
嘱咐	妈妈嘱咐我。	enjoin; exhort; charge (with a task)
主管	他是主管。	be responsible for; be in charge of
助理	他是我的助理。	assistant
主流	这是主流观点。	main stream
逐年	逐年增加。	year by year; year after year; with each passing year
主权	这是国家主权。	sovereign rights; sovereignty
注射	他在注射。	injection
注释	这是注释。	explanatory note
注视	他注视着我。	gaze at; have one's eye on
助手	他是我的助手。	helper; aide; assistant
诸位	诸位好。	ladies and gentlemen; everybody
主义	这是社会主义。	militarism
铸造	这是铸造的。	foundry; cast
驻扎	部队驻扎在这里。	be stationed; be quartered
住宅	这是住宅区。	residence
注重	他很注重细节。	lay stress on; emphasise
著作	这是他的著作。	work; writings; opus
拽	他拽着我。	drag; haul; pull
砖	这是一块砖。	brick
专长	他有专长。	speciality
专程	他专程来看你。	special trip
转达	请转达我的问候。	pass on; convey; communicate
传记	这是一本传记。	biography
专利	这是专利产品。	patent
转让	他转让了股份。	transfer the possession of; assign
专题	这是一个专题。	special topic
转移	他转移了话题。	shift; transfer; divert
转折	这是转折点。	a turn in the course of events; transition
幢	这是一幢楼。	streamer [used in ancient China]; [measure word for buildings]
装备	这是新装备。	equip; fit out
壮观	这很壮观。	magnificent sight
庄稼	庄稼长势很好。	farm crop
壮丽	山河很壮丽。	majestic; magnificent; glorious
壮烈	他壮烈牺牲了。	heroic; brave
装卸	这是装卸工。	load and unload; assemble and disassemble
庄严	这是一个庄严的仪式。	solemn; dignified; stately
庄重	他的举止很庄重。	serious; grave; solemn
坠	他从楼上坠了下来。	to fall
追悼	举行了追悼会。	mourn over a person's death
追究	追究责任。	look into; find out; investigate
准则	这是行为准则。	norm; standard; criterion
琢磨	他在琢磨问题。	carve and polish; improve; refine
着手	着手解决问题。	put one's hand to; set about
着想	为别人着想。	consider; take into consideration
卓越	他的成就很卓越。	outstanding; brilliant; remarkable
着重	着重强调。	stress; emphasise
自卑	他很自卑。	feel oneself inferior
资本	这是一家资本公司。	capital [economics]
资产	他的资产很多。	property; means; capital
子弹	这是一颗子弹。	bullet; cartridge; ammunition
自发	这是自发组织的。	spontaneous
自力更生	我们要自力更生。	rely on one's own efforts
自满	他很自满。	complacent; self-satisfied
滋润	雨水滋润着大地。	moist
资深	他是一位资深专家。	senior; veteran; experienced
姿态	他的姿态很高。	gesture; posture; one's bearing or carriag
滋味	这道菜滋味不错。	taste; tang; flavour
资助	他资助了这个项目。	aid financially; subsidise
自主	我们要自主创新。	act on one's own; decide for oneself
总而言之	总而言之，我们要努力。	to make a long story short; all in all; generally speaking
总和	这是总和。	sum; total
纵横	他纵横商界。	criss-cross; with great ease; freely
踪迹	他消失得无影无踪。	trail; trace; track
宗教	这是一种宗教。	religion
棕色	这是棕色的。	brown
宗旨	这是我们的宗旨。	aim; purpose
揍	他被揍了一顿。	beat; break; smash
走廊	走廊里很安静。	corridor
走漏	消息走漏了。	leak out; divulge
走私	走私是违法的。	smuggle
阻碍	这阻碍了发展。	hinder; block; impede
祖父	我的祖父很慈祥。	grandfather [father's father]
祖国	我爱我的祖国。	homeland; native land
阻拦	请不要阻拦我。	stop; prevent; obstruct
租赁	这是一家租赁公司。	rent; lease; hire
阻挠	他阻挠了这个计划。	obstruct; thwart; stand in the way
祖先	我们的祖先很伟大。	ancestors; forefathers
足以	这足以证明。	enough to; sufficient to
钻石	这是一颗钻石。	diamond; jewel
钻研	他刻苦钻研。	study intensively; dig into
嘴唇	她的嘴唇很红。	lip
罪犯	他是一名罪犯。	criminal; offender; culprit
遵循	请遵循规定。	follow; abide by; adhere to
尊严	他很有尊严。	dignity; honour
作弊	考试不能作弊。	defraud; cheat
作废	这张票作废了。	cancel; delete; nullify
作风	他的作风很正派。	style (of work)
作息	他的作息很规律。	work and rest
座右铭	这是我的座右铭。	motto; maxim
做主	这件事由我做主。	take the responsibility for a decision
